# decimated from domestic cat (Felis catus)_437.03.obj
# 415933 verts / 831946 tris  ->  4362 / 9093  (grid 35)
v -19.1296 22.3631 -24.2281
v -17.6514 22.6957 -24.4830
v -19.2454 21.0240 -24.7616
v -17.6715 20.9987 -25.1354
v -19.1987 18.8550 -26.0181
v -18.9967 20.2139 -25.8292
v -18.1659 20.5367 -25.8194
v -19.1840 18.7783 -24.8433
v -19.9080 16.8433 -24.9908
v -19.5813 17.1858 -25.9091
v -17.6469 18.9334 -24.9426
v -26.9469 34.1169 -13.8010
v -25.6896 34.4290 -14.6346
v -27.5822 32.5743 -13.9066
v -26.0501 33.0026 -14.7743
v -29.2761 30.4998 -9.0859
v -28.2968 31.2180 -8.4281
v -30.0519 31.0830 -10.4113
v -28.7694 31.8316 -9.7576
v -29.4826 32.4915 -10.9537
v -28.0043 33.2904 -10.5253
v -27.8299 26.9382 -16.6891
v -26.4054 27.5996 -17.4396
v -25.7511 26.7484 -18.1930
v -27.4513 32.8092 -8.7916
v -25.9658 33.7036 -8.5721
v -26.4669 34.0398 -10.8613
v -26.5694 33.9699 -9.5470
v -25.5214 33.7745 -10.4891
v -25.8945 28.9827 -16.7885
v -25.0532 28.2325 -17.7546
v -23.6760 28.7503 -18.1782
v -24.3804 29.4413 -17.3937
v -23.8694 33.5574 -8.6470
v -23.8912 33.6319 -10.6663
v -21.7445 33.6079 -8.5948
v -21.7701 33.4377 -10.6527
v -19.6161 33.6444 -8.6587
v -19.6989 33.2220 -10.6753
v -23.9053 30.9595 -17.0936
v -22.9654 30.5074 -17.7862
v -17.6776 33.6302 -8.6790
v -17.6697 32.9445 -10.6274
v -21.8770 30.9606 -18.6506
v -21.6402 32.9969 -18.4295
v -23.8072 32.9779 -16.8796
v -21.8299 33.3380 -16.7609
v -13.6950 32.4787 -10.6475
v -13.6831 33.4895 -8.9077
v -11.6951 32.4412 -10.5593
v -11.6644 33.4879 -9.0589
v -9.6432 33.5132 -9.0573
v -9.6693 32.4938 -10.3525
v -30.4977 0.9343 -10.8639
v -30.3674 0.7601 -12.5351
v -29.6572 -0.7573 -10.6271
v -29.4211 -0.7675 -12.6445
v -19.7456 32.4507 -16.6286
v -19.7989 32.5655 -18.7505
v -7.7523 32.3868 -10.2013
v -7.6410 33.3743 -8.7304
v -18.7694 31.9130 -17.3470
v -19.8303 30.9379 -19.3851
v -17.5635 31.5943 -16.7449
v -17.6854 31.3414 -18.6460
v -5.6846 32.8347 -8.6309
v -6.0092 32.1648 -9.9435
v -5.5874 31.2885 -10.8200
v -3.7202 30.7465 -10.6204
v -3.4266 31.6346 -9.1830
v -28.2535 -1.7209 -12.5981
v -27.9381 -1.7344 -10.6188
v -22.9730 34.1885 -17.7474
v -22.1583 34.1283 -18.0153
v -23.7686 34.3500 -16.6131
v -15.6576 33.5571 -8.8359
v -15.6421 32.6623 -10.6320
v -22.5698 34.1301 -17.2514
v -11.5181 29.5794 -16.8290
v -11.6845 28.8518 -18.6641
v -13.5638 29.5714 -18.7155
v -13.0763 29.8153 -17.2765
v -9.7031 28.8476 -16.6440
v -10.1559 28.2374 -18.3278
v -15.6720 30.9533 -16.6733
v -15.6808 30.4692 -18.6320
v -13.8065 30.3565 -16.5225
v -14.4131 30.0829 -18.0834
v -33.8069 4.9425 -10.6023
v -33.2301 5.0402 -11.9757
v -33.5494 2.8985 -10.7714
v -33.2495 3.5976 -11.7586
v -32.7694 4.0534 -11.6605
v -32.0156 2.4650 -11.1990
v -32.4003 4.8887 -12.6546
v -31.8470 2.8965 -12.6117
v -31.0699 1.5834 -12.8670
v -30.7694 1.8868 -11.7470
v -30.5798 2.1250 -10.9900
v -5.6767 34.4583 -4.6397
v -3.5393 33.5704 -4.7550
v -4.7694 33.9139 -5.5470
v -4.4025 34.0937 -4.2552
v -33.6811 6.9283 -10.6162
v -33.2293 6.9732 -12.5378
v -33.6401 8.9622 -10.6322
v -33.0897 8.9797 -12.5151
v -17.6429 34.1965 -6.6174
v -18.3694 33.9377 -7.5470
v -19.4855 34.0527 -6.3604
v -20.0022 33.8849 -7.1893
v -33.7195 10.9102 -10.5885
v -33.1323 10.8319 -12.3283
v -33.8379 12.9645 -10.7080
v -33.0675 12.7268 -11.8960
v -30.6138 2.5256 -15.4357
v -29.7631 3.0094 -16.2615
v -30.1201 0.7917 -14.8399
v -29.3198 1.2509 -16.0123
v -31.3353 3.0002 -14.5534
v -32.9291 14.0534 -11.7253
v -31.7167 14.9146 -11.8787
v -31.8697 12.9093 -12.1818
v -33.8656 14.9604 -10.7185
v -31.6448 4.9526 -14.7067
v -29.9030 4.9399 -16.4568
v -30.9368 5.2600 -15.7939
v -32.6966 15.3625 -11.6188
v -34.0576 16.9137 -10.7984
v -32.7694 16.3534 -11.6127
v -31.8275 16.9999 -12.0038
v -33.0089 17.5358 -11.7473
v -31.9581 6.9214 -14.6257
v -31.3779 7.2032 -16.4685
v -32.0399 9.0505 -14.6754
v -31.5136 8.5319 -16.4430
v -29.8186 8.8039 -16.6226
v -30.0729 9.6625 -15.1749
v -7.7037 34.4459 -6.6181
v -5.4823 33.6386 -6.9274
v -7.0229 33.8634 -7.5076
v -29.9663 12.5106 -16.5373
v -29.6688 13.4715 -14.9660
v -31.0194 13.5089 -16.6603
v -30.9423 13.7688 -15.5125
v -33.3097 19.1777 -11.9631
v -34.3145 18.9475 -10.6361
v -31.8376 18.9779 -12.6802
v -31.0912 14.9415 -15.1305
v -31.1306 14.8347 -16.6276
v -30.2049 14.8938 -14.3674
v -29.6945 15.5002 -17.1320
v -29.8722 16.8429 -14.6570
v -29.6520 16.8377 -16.7217
v -30.0541 19.0117 -14.5844
v -29.7038 19.0073 -16.8190
v -30.4677 20.8209 -15.0144
v -30.1059 20.9071 -16.7689
v -33.8571 20.9264 -10.6602
v -33.5852 20.9839 -12.1723
v -30.4669 23.0479 -15.2244
v -29.6767 22.9343 -16.6899
v -33.6291 22.9056 -10.8146
v -33.6975 22.9942 -12.2923
v -30.0721 25.0031 -14.9818
v -29.1654 24.7379 -16.0595
v -33.5609 24.8712 -11.0966
v -33.6291 24.9624 -12.4250
v -33.3065 26.7963 -11.3908
v -33.4830 26.8243 -12.1049
v -19.4601 28.7036 -19.8600
v -19.6655 26.9618 -20.1740
v -21.0669 28.1455 -19.7958
v -21.7503 26.7633 -20.3078
v -29.3111 -0.5055 -14.4999
v -28.7694 9.8706 -15.5783
v -27.7504 8.8683 -16.8918
v -27.8741 10.8852 -14.7528
v -27.5804 11.2288 -16.6331
v -18.5113 32.0662 -19.8813
v -17.7365 30.9155 -20.2654
v -18.9755 31.1957 -19.8048
v -26.1100 10.7842 -16.7672
v -26.7694 11.0534 -15.6563
v -28.1332 12.7820 -14.7083
v -27.9651 12.9705 -16.5159
v -17.5440 19.2296 -22.7163
v -19.3641 18.3918 -22.6254
v -17.8091 20.9465 -22.5649
v -30.9864 1.6392 -14.0927
v -18.9010 21.6152 -23.3950
v -19.5087 22.9251 -22.4940
v -17.8600 23.5225 -22.7738
v -33.1453 28.4451 -11.9651
v -33.0122 28.2761 -11.5809
v -31.7215 28.9449 -10.7787
v -31.6586 28.9490 -12.4782
v -32.5720 6.5890 -13.2084
v -31.3223 30.6166 -11.2373
v -31.3360 30.5521 -11.9810
v -32.8046 9.2534 -13.7470
v -32.7358 8.7010 -13.4572
v -31.9524 11.0872 -13.1282
v -31.5212 10.1672 -13.9271
v -29.8998 30.9166 -12.6712
v -29.5017 32.6170 -12.1748
v -29.6882 10.2838 -14.2434
v -29.8943 11.2888 -13.0897
v -17.6659 32.4055 -12.6353
v -19.6606 32.9254 -12.6520
v -30.0538 16.8844 -12.8272
v -29.9491 14.9713 -12.7963
v -28.1581 33.2778 -12.8639
v -30.6220 8.4202 -2.5465
v -30.0100 6.8983 -0.6693
v -30.6483 8.4539 -0.7004
v -29.9467 6.9238 -2.6708
v -30.3649 18.5428 -13.2187
v -27.0602 34.0526 -11.0085
v -27.2052 34.1391 -12.6628
v -29.3068 13.0557 -20.1597
v -29.9852 12.8062 -18.7624
v -29.7935 14.8335 -18.6226
v -25.9228 34.1876 -12.7554
v -29.5672 14.1332 -19.7968
v -32.1308 20.8821 -13.0990
v -31.1753 21.0486 -14.0957
v -30.9497 9.4277 -0.5330
v -30.9865 9.3889 -2.8008
v -23.7479 33.7524 -12.5914
v -25.1684 33.8916 -11.9278
v -31.3422 10.9280 -0.5946
v -31.3889 10.9297 -2.6925
v -30.9430 19.7930 -13.8022
v -31.3693 12.9114 -0.6526
v -31.5077 12.9489 -2.6506
v -21.7332 33.3907 -12.6418
v -31.2670 14.9534 -0.6470
v -31.5542 14.9672 -2.6807
v -27.6359 14.9854 -15.0073
v -28.2771 14.7140 -16.3966
v -28.5072 16.9439 -16.1655
v -27.6448 16.8718 -15.0980
v -27.8817 13.3093 -18.6303
v -27.9373 12.7670 -20.7046
v -32.1894 22.9493 -13.1359
v -31.2539 22.9403 -14.2319
v -30.9753 4.0418 -3.5742
v -31.0788 3.5907 -3.4984
v -29.6140 2.9348 -2.8007
v -29.5094 4.8746 -2.7721
v -31.1917 17.0076 -0.6791
v -31.5459 16.9383 -2.6871
v -31.2115 18.9417 -2.6661
v -31.0231 18.9976 -0.6466
v -28.4082 18.9664 -16.1643
v -27.5507 18.9120 -15.3534
v -25.9668 12.9187 -21.0663
v -26.6024 13.6871 -19.1902
v -30.8378 20.2460 -0.4952
v -30.9116 20.3693 -2.9318
v -15.9280 32.1088 -12.2496
v -30.6664 21.1713 -0.7033
v -30.6499 21.2555 -2.5624
v -14.3694 31.9826 -11.7470
v -13.6743 31.5819 -12.6696
v -30.2407 22.9573 -0.6297
v -30.2381 22.9579 -2.6760
v -32.3066 25.0015 -13.3637
v -31.2990 24.9166 -14.0527
v -12.8694 31.9343 -11.5470
v -11.6771 31.2723 -12.6631
v -11.5856 31.8374 -11.5177
v -29.5179 24.9541 -0.6433
v -29.6537 24.9530 -2.6686
v -27.9799 21.0847 -16.5514
v -27.2566 20.4366 -15.5005
v -28.2371 0.8905 -0.6031
v -29.0609 1.6044 -2.0920
v -28.9818 0.6661 -1.0802
v -9.6582 30.8857 -12.6556
v -9.6404 31.7146 -11.3613
v -28.4886 2.4961 -2.7099
v -31.0399 26.3139 -13.8109
v -31.8760 26.9894 -12.9578
v -28.4089 2.9123 -0.6767
v -7.6017 31.5457 -11.1938
v -7.7393 30.5604 -12.5261
v -28.7694 4.0534 -1.7309
v -28.7420 4.1627 -1.0112
v -26.0292 21.2795 -16.0196
v -26.6888 20.5670 -15.5779
v -29.2227 5.0330 -0.5399
v -5.8365 30.3104 -12.1251
v -29.7826 26.9485 -14.5671
v -28.9720 26.2650 -15.8192
v -28.5895 27.5760 -15.4130
v -28.9525 26.2466 -0.7733
v -29.0862 26.5057 -2.7388
v -28.1424 29.1293 -14.8762
v -27.3443 28.6471 -16.1049
v -26.7694 29.8534 -15.6497
v -26.3022 31.1268 -15.2331
v -25.4122 30.7534 -16.1248
v -28.8614 3.8034 0.1030
v -25.1589 32.8402 -16.0520
v -21.7804 33.3660 -14.6628
v -19.6484 32.6923 -14.6403
v -28.3825 27.2434 -0.5907
v -28.5706 27.4887 -2.5068
v -17.9260 32.1761 -14.5303
v -18.4087 32.0265 -16.0934
v -17.1010 31.8293 -15.0327
v -27.3994 28.7799 -0.7133
v -27.7166 28.9828 -2.6537
v -29.9169 28.9793 -8.5987
v -30.9559 28.1708 -9.4836
v -31.2629 26.8274 -8.7940
v -25.0299 34.4003 -15.9085
v -26.6444 29.7211 -0.4134
v -26.1168 31.0852 -2.5654
v -25.6828 30.8417 -0.6821
v -28.5481 11.5468 -13.4651
v -23.2796 33.8274 -14.4729
v -24.2344 34.2175 -14.8074
v -25.2155 32.3143 -2.8603
v -24.8136 32.0534 -1.5470
v -23.6785 32.5962 -0.7889
v -23.9214 33.3951 -2.6179
v -28.5702 12.4597 -13.3589
v -29.7901 12.9577 -12.5995
v -21.7895 33.4747 -0.5720
v -21.7458 33.7039 -2.6470
v -20.7694 33.9529 -3.5470
v -19.6760 34.3279 -2.6379
v -9.4699 29.5497 -14.9791
v -10.8194 29.9004 -15.5075
v -19.6342 34.3023 -0.6850
v -25.7932 24.8727 -18.9281
v -23.7972 25.2114 -20.5744
v -23.9203 24.5022 -18.8077
v -25.0702 25.0509 -19.9571
v -13.7030 31.0130 -14.6669
v -15.6914 31.5054 -14.6559
v -17.6805 34.9803 -0.6204
v -17.6557 34.9701 -2.6377
v -15.6983 35.5364 -0.6304
v -15.6753 35.4199 -2.6658
v -23.9618 26.9471 -18.8512
v -23.3270 26.1284 -20.0361
v -11.6973 30.4976 -14.6261
v -12.1311 30.0794 -15.9975
v -20.5462 33.8687 0.1757
v -13.6566 35.8194 -0.6489
v -13.7160 35.7348 -2.6805
v -11.6527 35.8321 -0.6688
v -11.6481 35.8638 -2.6419
v -12.1694 35.9542 -1.5470
v -19.7979 23.1243 -19.1507
v -19.6512 23.1623 -20.7096
v -18.0128 22.7086 -20.7420
v -18.2377 22.2654 -19.4314
v -9.6718 35.5881 -0.5828
v -9.6318 35.6924 -2.6534
v -17.8283 21.4214 -19.5126
v -17.1706 21.2458 -20.6379
v -21.8636 24.8113 -20.8599
v -22.0524 24.1583 -19.0050
v -7.6844 28.9979 -14.6567
v -7.6733 35.1459 -0.6240
v -7.6607 35.2854 -2.6742
v -21.6850 23.3981 -18.4078
v -20.8980 23.8123 -20.9068
v -31.8766 2.8902 -6.6183
v -31.1760 1.6467 -7.3607
v -30.0558 1.5620 -7.3959
v -29.8781 2.5431 -6.4199
v -3.8638 32.3452 -8.3408
v -30.7694 27.5534 -13.6081
v -30.0668 29.2259 -13.4093
v -29.4088 28.4988 -14.0216
v -22.5333 27.5068 -19.5049
v -21.9121 29.0001 -19.0692
v -20.1225 29.3656 -19.5235
v -28.7694 29.8534 -13.6699
v -28.5739 31.1242 -13.2663
v -27.6925 30.9218 -14.4436
v -31.1137 24.7673 -7.0988
v -30.5223 25.1334 -6.2262
v -30.0987 27.0583 -6.6035
v -30.9559 26.3138 -7.4055
v -18.9324 32.0689 -19.7615
v -18.5400 32.0346 -19.3803
v -24.5944 34.0268 -13.2929
v -13.7960 29.2342 -20.8077
v -15.3981 31.7919 -13.0377
v -15.8126 30.3126 -20.3974
v -14.7694 29.9366 -19.5470
v -15.6379 29.0513 -21.1464
v -10.0282 30.1681 -14.1447
v -7.2559 29.7569 -13.4180
v -27.5855 30.8471 -6.7499
v -25.9584 33.2354 -6.7004
v -26.9783 32.1943 -7.4076
v -28.6366 -5.3305 0.5329
v -27.6699 -5.0214 -0.2319
v -27.3349 -6.4213 -0.1722
v -27.8207 -6.7244 1.3299
v -29.5722 -3.0934 1.2986
v -27.9373 -2.5428 2.0143
v -27.8256 -3.0615 -0.4994
v -28.9785 -2.4452 0.2105
v -6.1044 34.1599 -6.1726
v -29.2578 -1.5392 1.2925
v -29.0729 -0.9101 -0.1476
v -27.7410 -1.1055 1.3529
v -28.0198 -1.0580 -0.9358
v -20.7694 33.9639 -4.6137
v -21.8538 33.7519 -4.6339
v -19.6704 34.1969 -4.6488
v -27.6478 0.9657 1.3611
v -32.1240 27.0323 -10.4643
v -30.5386 27.6230 -8.2563
v -20.1867 24.3387 -21.9495
v -20.9172 23.7574 -22.0313
v -21.5994 24.7433 -21.9883
v -33.5154 6.8369 -6.9870
v -32.3669 7.0665 -6.1020
v -33.2609 9.0241 -7.0471
v -32.4750 8.8344 -6.0878
v -30.3572 6.9223 1.3166
v -29.6312 4.9229 1.3156
v -30.7281 8.2132 1.2226
v -31.0325 9.1928 1.3745
v -33.3391 1.5786 -10.2640
v -31.4888 10.9308 1.3458
v -31.3478 12.9337 1.3475
v -31.2654 14.9534 1.3530
v -31.2252 17.0033 1.3387
v -31.0737 18.9495 1.3576
v -30.9193 20.6439 1.5038
v -30.7256 21.5136 1.1568
v -30.3406 22.9481 1.3384
v -29.5053 24.9314 1.3512
v -28.4489 2.6260 1.2954
v -26.9379 -0.7034 2.7537
v -26.1306 -1.1536 3.6870
v -27.4084 0.9523 3.3268
v -28.9914 3.6002 1.3859
v -20.7694 33.9556 -0.9470
v -26.1243 23.7062 -18.0842
v -27.3818 24.7945 -18.1940
v -28.9153 26.0793 1.2752
v -28.2497 27.1030 1.3796
v -26.6275 31.7161 -6.0839
v -27.2458 28.5326 1.2691
v -33.0142 3.8241 -5.1645
v -31.8153 3.4705 -4.5970
v -31.8288 4.9583 -4.5802
v -33.2780 4.6331 -5.1613
v -26.4695 29.5201 1.4433
v -25.4999 30.6002 1.3246
v -28.2586 25.0200 -17.0498
v -27.6131 22.6183 -17.1473
v -24.2889 31.5595 1.4684
v -24.5643 31.7407 -0.2324
v -23.3225 32.1870 1.2131
v -21.7265 32.7894 1.3751
v -32.4969 25.1217 -10.1630
v -19.9737 33.5678 1.5948
v -30.4754 5.1999 -3.9871
v -30.5170 6.8462 -4.1400
v -31.3494 6.9153 -5.1196
v -19.2102 34.1305 0.9844
v -17.6682 34.5539 1.3312
v -31.9535 2.3028 -8.3727
v -33.3018 1.5802 -9.0871
v -31.5317 1.3106 -8.7800
v -15.7009 35.1242 1.3823
v -13.6624 35.4283 1.3506
v -11.6718 35.4742 1.3517
v -9.6328 35.2085 1.3469
v -7.6655 34.7532 1.3758
v -11.6537 28.3430 12.7216
v -11.6496 27.3769 13.7093
v -9.7339 27.3869 13.7401
v -9.6768 28.3650 12.7837
v -13.5887 28.3400 12.7632
v -13.7383 27.2304 13.8194
v -29.3161 26.8866 -4.7178
v -28.2323 29.0605 -4.6087
v -28.9323 28.2665 -5.2769
v -28.7131 27.7468 -3.9934
v -15.5605 28.2415 12.6441
v -15.7489 27.1039 13.6000
v -26.1987 -6.4008 -0.8795
v -25.8454 -5.3447 -0.8273
v -26.4751 -3.1317 -1.3854
v -11.6522 34.1917 -8.0399
v -9.7215 34.2226 -8.0165
v -29.5534 -5.0470 1.4665
v -21.6655 24.8470 13.0433
v -23.7325 22.8341 12.9634
v -21.9896 23.1644 13.8861
v -23.1525 24.2610 12.5534
v -26.1654 12.2583 -21.8071
v -27.1998 12.3090 -21.7589
v -9.6266 29.3589 11.7573
v -7.7373 30.1619 10.6282
v -9.7371 30.2463 10.7426
v -19.5672 25.0351 -20.8491
v -11.6699 30.2916 10.7453
v -11.7196 29.3016 11.8137
v -17.7082 24.7015 -20.2747
v -17.0422 24.0149 -22.0454
v -13.5706 30.1977 10.6679
v -13.6539 29.3151 11.6272
v -30.9517 14.5051 -17.9842
v -30.9359 13.6151 -17.9808
v -15.7049 29.2282 11.6468
v -15.6039 30.1366 10.6311
v -15.7013 19.6528 -21.4218
v -15.7705 18.8940 -22.5209
v -17.4887 19.4856 -21.0959
v -15.8135 20.9928 -22.5507
v -15.9429 20.7137 -21.0170
v -29.9805 0.5879 -8.2009
v -29.5180 -0.5311 -8.9331
v -28.1940 0.3876 -7.9632
v -27.7830 -1.1318 -8.7154
v -31.5733 1.4105 -10.1456
v -33.4300 10.9626 -6.8005
v -32.7233 10.7238 -5.8257
v -32.6060 17.1246 -6.3248
v -33.0497 16.7323 -7.1982
v -33.2036 14.9139 -6.8681
v -32.7457 15.0857 -5.8672
v -31.4120 22.9456 -6.6771
v -27.9738 23.0120 -18.1611
v -33.4907 2.9065 -8.6090
v -21.7742 26.9747 11.4252
v -19.6294 28.5624 11.0015
v -21.1535 28.1887 10.6576
v -19.9258 27.4383 11.9439
v -33.4292 18.8571 -8.7467
v -32.6960 19.5832 -7.8801
v -32.5799 21.1335 -8.2798
v -33.0744 20.7052 -9.1364
v -25.9332 8.9755 -16.8659
v -21.7811 33.7517 -6.6453
v -20.7694 33.9871 -5.8470
v -30.7609 8.0459 -3.8184
v -31.5129 8.9558 -4.6898
v -15.6681 34.0513 -7.8440
v -16.9194 33.9857 -7.7970
v -13.5695 34.1147 -7.9108
v -27.0370 30.1989 -3.2101
v -8.2954 34.0709 -7.8737
v -30.7570 21.6674 -3.8550
v -30.5224 23.1529 -4.4482
v -31.2249 20.8919 -4.7151
v -30.9828 22.4268 -5.1674
v -26.2048 21.0684 11.8476
v -27.0599 22.3468 10.5996
v -27.3500 20.8246 10.8877
v -25.8261 22.9763 11.3793
v -27.9104 1.2273 -7.3882
v -29.2055 -6.5224 1.8292
v -32.6938 23.1081 -9.7869
v -33.6988 5.0036 -6.6398
v -33.1310 3.4998 -6.9293
v -34.0511 4.9267 -8.5995
v -28.7694 13.9867 -17.8470
v -29.8216 3.1693 -4.6404
v -32.6940 5.8416 -5.7479
v -34.4079 6.9520 -8.6296
v -28.6706 21.7375 -17.8613
v -29.6237 21.0054 -17.9998
v -29.2612 22.3724 -18.0424
v -34.1483 8.9520 -8.6493
v -32.0445 10.9092 -4.6683
v -34.3144 10.9560 -8.6288
v -32.7530 13.0654 -5.7860
v -33.3304 12.9453 -6.7919
v -34.4187 12.9422 -8.5927
v -32.2042 12.9433 -4.6859
v -34.2676 14.9607 -8.5641
v -32.2952 14.9246 -4.6386
v -32.1912 16.9833 -4.6264
v -33.9267 16.9451 -8.6745
v -31.7369 18.9731 -4.6523
v -32.3108 18.9564 -6.6437
v -27.0027 26.2206 -17.8306
v -32.8485 18.2534 -7.5470
v -31.8966 20.9303 -6.6367
v -30.6013 29.5159 -9.9100
v -30.7611 23.7768 -5.7486
v -30.0118 24.9632 -4.6690
v -32.2448 22.9619 -8.6165
v -23.5585 23.7504 -17.7907
v -31.8001 24.9353 -8.6697
v -17.6983 28.9665 -20.5674
v -29.1981 28.5636 -6.8451
v -28.4617 29.4389 -6.4538
v -28.7694 29.8561 -7.7470
v -29.9287 6.8892 -17.1638
v -27.2526 30.4142 -4.7305
v -26.4183 31.4019 -4.6034
v -25.4223 32.8259 -4.7586
v -23.8921 33.5676 -6.6331
v -23.9079 33.6136 -4.5629
v -3.6708 33.0905 -6.6450
v -17.6652 34.6260 -4.6234
v -15.6805 34.4434 -6.6414
v -15.6678 34.9849 -4.6666
v -13.6851 34.6645 -6.6573
v -13.7094 35.3137 -4.6797
v -11.6582 34.8443 -6.7097
v -11.7044 35.5321 -4.6675
v -9.6701 34.8448 -6.6608
v -9.6714 35.4496 -4.6528
v -7.6794 35.0460 -4.6794
v -22.4554 31.7898 3.8777
v -21.6079 32.2756 3.2339
v -23.8916 31.2515 3.3816
v -25.8315 22.8258 -16.8432
v -29.9294 15.9686 -17.8270
v -29.8641 19.7744 -17.7505
v -28.0581 26.9983 3.3912
v -28.8315 26.0534 2.7530
v -29.4111 24.9511 3.3734
v -24.0164 23.1238 -17.1687
v -27.6965 0.9968 -2.5185
v -19.6022 15.0917 -24.4675
v -19.9450 14.3422 -23.3330
v -20.3764 17.3346 -23.1056
v -25.9863 14.5630 -18.7281
v -25.3839 14.1685 -20.0663
v -18.7694 20.2534 -19.7897
v -19.6125 21.1573 -19.1375
v -26.4892 14.9645 -16.7466
v -22.7694 22.2534 -17.6727
v -21.6406 21.1974 -18.4138
v -24.0952 21.2585 -16.9805
v -21.2396 15.0293 -22.4795
v -21.0574 16.5728 -22.5343
v -27.9535 2.4806 -6.2163
v -26.5804 16.9591 -15.3578
v -26.7072 15.4427 -15.3493
v -26.5336 19.0534 -15.5175
v -26.1741 -1.6118 -8.2233
v -25.5459 -0.7163 -7.1773
v -25.5358 0.8612 -6.3397
v -19.2930 19.1367 -20.9126
v -25.7002 19.3245 -16.0532
v -23.7802 14.7179 -20.6710
v -23.9746 12.7018 -21.2449
v -24.7153 15.3922 -19.4854
v -24.0528 17.1163 -18.7449
v -23.1670 16.6534 -20.0733
v -21.9381 17.2053 -20.8670
v -22.4797 15.1868 -21.3662
v -25.6405 16.9188 -16.6645
v -25.1536 16.2534 -17.9470
v -21.9005 19.1795 -19.2627
v -24.7694 17.8534 -17.3604
v -21.0352 18.6615 -20.3436
v -24.5521 18.9951 -17.1262
v -23.4086 18.7576 -18.3594
v -23.0327 20.5161 -17.8661
v -30.6081 19.0264 5.7435
v -30.9170 18.8737 4.7543
v -30.9063 17.0584 4.7730
v -30.6492 16.8702 5.7653
v -29.2461 22.8578 7.1953
v -28.6218 23.4973 7.9983
v -28.0609 25.0719 7.4586
v -30.0768 -7.1416 5.5522
v -27.9412 -7.0819 5.2386
v -29.7875 -4.9511 5.4684
v -23.9662 29.2575 7.4989
v -21.7295 30.6164 7.2665
v -23.2894 30.1884 6.8024
v -26.6897 27.7566 5.9432
v -25.7910 28.9513 5.3232
v -27.6422 26.8864 5.3106
v -24.5813 29.7588 6.0004
v -23.7738 30.6136 5.2899
v -30.7650 8.0682 2.6704
v -30.4498 6.8909 3.3512
v -31.1137 9.0106 3.3802
v -20.9761 32.0721 4.7094
v -21.8835 31.4410 5.4497
v -19.5764 32.3167 5.2688
v -20.3009 31.7947 6.0450
v -11.6731 33.6775 5.8703
v -11.6964 34.2146 4.8484
v -13.5704 34.1674 4.7285
v -13.6960 33.5588 5.6770
v -9.5912 33.6380 5.7282
v -9.8041 34.1326 4.7473
v -19.2291 24.3023 14.5951
v -19.6609 22.9536 15.2032
v -17.5498 24.7505 14.9242
v -17.7987 23.1316 15.8607
v -11.6315 25.1375 15.7044
v -11.6229 26.3368 14.6876
v -13.7342 25.0294 15.6566
v -13.6344 26.2693 14.6316
v -9.6567 26.3073 14.7136
v -9.6599 25.2449 15.6625
v -7.7135 26.2716 14.7328
v -7.6497 25.2509 15.7024
v -29.2259 18.8925 9.0693
v -28.5729 19.0960 10.0240
v -28.3119 21.0548 9.6965
v -29.0657 20.6926 8.7383
v -19.5115 30.4044 8.9141
v -21.7833 29.0301 9.4019
v -19.8507 29.4894 9.8449
v -21.0757 30.0619 8.5574
v -25.5985 18.8708 13.0176
v -24.2940 19.1073 13.9606
v -25.2645 20.7722 12.7078
v -23.9018 21.0130 13.6048
v -19.5552 26.5417 12.8461
v -19.8078 25.1288 13.7721
v -17.6766 26.9059 13.2461
v -23.9240 25.0404 11.5940
v -25.4060 24.6459 10.8128
v -29.0184 -10.3596 7.9613
v -29.4968 -9.1335 7.2631
v -27.7831 -10.6613 7.4937
v -30.3892 -4.9860 3.2916
v -27.8276 -4.9993 3.6716
v -29.6260 -3.1066 3.3697
v -27.9172 -3.3044 2.7971
v -23.5052 26.5021 10.8167
v -30.6613 13.1316 5.7198
v -30.9347 12.6874 4.9083
v -31.1451 10.8944 5.2891
v -22.4804 29.7560 8.1192
v -15.8959 31.7696 8.1482
v -15.6204 32.4503 7.2169
v -17.4731 32.2274 6.8350
v -17.8202 31.6559 7.7602
v -29.7489 -7.5418 6.6602
v -29.4695 -8.5475 5.5687
v -30.9096 -6.4492 5.4270
v -30.9029 -5.5985 5.2031
v -30.4213 -5.6828 6.4707
v -28.7574 25.8476 4.0839
v -27.8705 -9.1658 7.2840
v -25.9911 -9.2592 5.2074
v -27.7177 -9.1180 5.4471
v -28.6636 -7.9226 6.6096
v -16.3133 33.8619 4.1744
v -15.6476 34.4566 3.3123
v -17.2982 34.1645 2.8517
v -17.8680 33.6129 3.6422
v -29.3836 12.9681 9.1741
v -28.6660 12.9540 10.1649
v -28.6671 14.9504 10.2100
v -29.3385 14.9863 9.2400
v -28.9707 -10.4873 8.8086
v -27.7858 -11.1559 9.3576
v -29.0945 -9.9349 8.6475
v -29.3042 16.9419 9.2336
v -28.6994 17.0537 10.1994
v -27.9836 -9.9095 8.5698
v -26.1953 25.1857 9.7388
v -27.3200 24.6570 8.9336
v -27.8739 22.9381 9.3585
v -22.6066 27.8220 10.2214
v -23.5855 28.4276 8.9201
v -24.0715 27.2838 9.7366
v -17.6810 30.7410 9.3336
v -18.3480 29.8115 10.2030
v -29.7769 -7.0410 3.4587
v -30.8094 -6.1466 4.2530
v -30.8368 -5.3992 4.0214
v -29.7239 -3.7861 4.7972
v -28.5551 -5.6207 4.6407
v -22.6420 21.6204 14.2369
v -18.0225 25.6186 14.1476
v -27.6178 18.9042 11.1934
v -26.5756 19.1614 12.1498
v -24.4668 23.5139 12.1339
v -22.3959 25.6459 12.1141
v -18.3127 27.8214 12.2423
v -17.6666 28.9117 11.3892
v -30.6659 8.4131 5.7618
v -30.2297 8.9034 7.3734
v -31.0145 9.1420 5.1275
v -30.8233 9.7534 6.4530
v -30.8540 10.3534 6.5530
v -30.3671 10.9632 7.4530
v -30.7578 11.3027 6.2115
v -30.2390 12.9437 7.3795
v -30.1967 14.9539 7.3711
v -30.6228 14.9649 5.5203
v -30.1474 16.9550 7.4133
v -30.0300 18.9693 7.3830
v -29.6839 20.9453 7.3812
v -30.4437 21.0179 5.4379
v -29.9526 22.9755 5.3816
v -28.9916 24.2493 6.5883
v -29.2234 24.6442 5.2623
v -28.5548 25.5529 5.6163
v -29.2694 -2.0735 2.4530
v -27.2646 26.4595 7.0967
v -26.2618 27.2847 7.5435
v -25.3376 28.4314 7.1700
v -19.7320 31.3239 7.3914
v -18.9319 31.9933 6.5330
v -17.6950 32.8805 5.3497
v -15.7138 33.4055 5.3865
v -7.7244 32.5132 7.2579
v -5.6340 32.8793 5.3583
v -7.6353 33.4269 5.4290
v -13.6665 32.5961 7.3689
v -11.6553 32.7227 7.3389
v -9.6481 32.7038 7.3870
v -29.3840 10.9385 9.1101
v -28.8378 22.1534 8.4530
v -25.5700 26.6545 9.0786
v -30.1892 6.9369 5.3823
v -29.3330 4.9867 5.2872
v -29.6527 4.9223 3.3970
v -24.9857 30.0733 4.5959
v -31.4744 10.9825 3.3478
v -31.1904 12.9261 3.3617
v -30.8481 14.9963 4.5673
v -31.0789 14.9309 3.3332
v -15.6331 30.9690 9.3446
v -31.1404 16.9427 3.3663
v -31.1238 18.9373 3.3498
v -30.8449 20.2784 4.5780
v -30.9535 20.7531 3.2811
v -30.7364 21.6146 3.6321
v -30.3405 22.9784 3.3956
v -13.7309 31.1947 9.4147
v -13.1635 32.0408 8.4530
v -11.6781 32.0290 8.4313
v -27.9899 2.9048 5.3728
v -28.3573 2.6413 3.4318
v -9.8194 32.0224 8.4342
v -28.8506 3.8034 4.6030
v -28.9937 3.6171 3.2294
v -7.6752 31.1238 9.3587
v -26.9200 28.0341 4.6032
v -27.0890 28.3004 3.2033
v -26.2116 29.2593 3.4357
v -25.2561 30.3186 3.1983
v -19.7148 32.9384 3.3499
v -14.9983 34.0319 4.4836
v -13.7072 34.7678 3.3834
v -11.6588 34.8530 3.3722
v -9.7066 34.6245 3.3691
v -8.5463 34.0020 4.5030
v -7.7782 34.2546 3.2445
v -7.0711 33.8218 4.0577
v -5.6405 33.5909 3.4426
v -28.6944 4.1750 5.8484
v -22.9840 32.0270 2.5420
v -27.7512 14.9243 11.3541
v -27.6630 12.9475 11.3065
v -27.7308 16.9737 11.3783
v -18.5694 33.9482 2.2530
v -26.7126 23.7139 10.2518
v -17.0711 30.0478 10.5100
v -11.6790 31.2808 9.4943
v -9.6575 31.2383 9.4821
v -26.7694 17.4653 12.3214
v -25.8093 16.9731 13.2336
v -24.9563 22.1675 12.4391
v -21.7171 20.8797 15.1185
v -21.2479 22.5513 14.6352
v -20.5156 23.8640 14.2895
v -20.9289 26.1624 12.5080
v -16.9174 28.0448 12.4582
v -15.6896 24.9724 15.3329
v -15.4456 26.1274 14.5053
v -25.8566 -3.0081 3.2739
v -7.6301 27.2596 13.7733
v -9.6041 24.2297 16.6009
v -7.7107 24.2668 16.6128
v -1.7144 10.6256 26.7756
v -3.6846 8.9444 27.7424
v -1.6721 8.9470 27.6199
v -3.7099 10.8153 26.8814
v 2.3045 2.9166 28.7414
v 2.2094 4.7422 28.5925
v 0.3409 5.0038 28.7121
v 0.3673 2.9863 28.6221
v 0.1685 6.2032 28.4830
v 2.3246 6.9509 27.7730
v 0.4104 7.1570 28.1070
v -1.6995 4.9521 28.6583
v -1.2352 3.5301 28.5052
v 2.4094 1.3283 28.5523
v 2.2170 0.3487 28.2602
v 4.3373 0.9837 28.5590
v 3.7862 0.0782 28.3556
v -1.6021 7.3543 28.2337
v -1.7325 6.3751 28.5178
v 2.3022 -1.0693 27.3705
v 0.8944 1.7297 28.4685
v 4.2819 -1.1263 27.9490
v -1.8381 2.7252 28.2192
v -3.2381 1.7902 27.1889
v -1.5816 1.3999 27.3227
v -3.7438 2.7153 27.6346
v -3.8014 7.1103 28.2598
v -3.2006 6.3131 28.4712
v -5.6914 10.9053 26.8842
v -7.6233 10.7830 26.7360
v -7.6631 8.9593 27.2777
v -3.2456 5.2709 28.4960
v -3.9996 4.7027 28.2199
v -5.6583 8.9600 27.6462
v -5.6935 6.9540 28.0098
v 0.1981 0.7126 27.6570
v -0.4265 2.2248 28.3760
v -7.6829 6.9266 27.4621
v -9.5983 6.9514 26.7572
v -9.4850 8.8847 26.7050
v 0.3007 8.9635 27.2921
v 0.0942 10.3304 26.6109
v -5.6703 4.9070 27.8068
v -7.6749 4.9663 27.1258
v -2.5694 4.0534 28.4049
v -9.1682 5.2333 26.5965
v 0.9888 -0.3648 27.0449
v -5.6703 2.6728 27.2364
v -7.6646 2.8057 26.9591
v 2.2306 8.8330 26.8635
v -5.6828 3.0771 23.5789
v -7.7474 3.2872 21.1964
v -5.5785 3.4023 21.1858
v -7.7500 3.0158 23.4968
v -9.7069 2.8902 21.3807
v -9.4811 2.4355 23.4055
v -11.7045 1.1588 23.3551
v -10.7694 1.9496 22.4530
v -10.4163 1.7506 23.7105
v -11.2651 2.2741 21.1327
v -12.1326 1.5095 21.5361
v -17.6782 -1.9806 3.9566
v -17.6958 -2.3194 2.9616
v -15.6135 -1.8954 3.3581
v -19.7385 -2.4753 3.1229
v -19.4843 -1.9878 4.0730
v -23.7683 -5.1181 3.2811
v -23.8541 -3.0642 3.7270
v -25.9113 -5.0686 3.3819
v 1.5306 9.9377 26.4530
v -26.2285 8.8094 11.8971
v -27.4280 9.0371 10.9308
v -27.1120 7.1794 10.6362
v -25.8538 6.8911 11.5100
v -12.9967 18.2154 20.5581
v -11.8856 17.2171 21.8518
v -11.5787 18.6010 20.9514
v -13.5639 16.8151 21.1135
v -19.6251 2.9014 11.3165
v -18.8137 1.8115 10.6130
v -17.6843 0.9862 11.3350
v -21.8478 4.6227 11.7651
v -21.7077 3.4769 10.7937
v -23.6441 3.5492 10.6843
v -23.9398 4.8481 11.5709
v -15.4236 14.8276 20.8724
v -13.9684 15.1404 21.8244
v -11.6824 24.1517 16.5451
v -9.7174 23.0405 17.6195
v -11.6970 22.9305 17.5773
v -9.0927 10.3853 26.5344
v -13.7054 22.9327 17.2544
v -13.3340 24.0723 16.5004
v -15.3397 -1.1656 24.7676
v -15.8923 -1.1933 23.3705
v -16.1235 -2.4658 23.3232
v -15.7552 -2.1619 24.4775
v -9.3339 2.7044 26.6402
v -14.2212 -0.6021 23.4956
v -14.0939 -0.6266 25.0439
v -14.9291 0.1731 24.5806
v -15.4743 0.8447 23.3709
v -13.5675 0.7959 25.1209
v -13.6259 0.7362 23.2381
v -11.8034 1.0302 25.4834
v -21.1436 16.7999 16.6670
v -19.7156 16.9629 17.5470
v -19.6237 18.9017 17.0211
v -20.8658 18.2939 16.4767
v -26.1193 -7.5363 4.6860
v -9.7032 1.6717 26.5716
v -8.0577 1.8165 26.6325
v -1.7589 22.1993 18.6121
v -1.6671 21.0329 19.6420
v 0.3075 20.9440 19.5277
v -22.2424 10.8091 15.9465
v -23.5134 11.0020 14.9818
v -23.1544 9.3806 14.6889
v -21.7717 8.8803 15.4882
v -15.8168 0.2139 11.7196
v -15.5275 -0.3098 10.7985
v -13.6292 0.1400 11.6631
v -10.8458 1.5972 26.4589
v -19.9756 21.1037 15.9830
v 1.7585 -1.3133 25.3559
v 1.8071 -1.2183 23.3239
v 2.6671 -3.0579 23.3574
v 2.6750 -2.9704 25.3840
v 1.0754 -0.3546 25.4814
v 1.2108 -0.2108 23.5507
v 0.1206 0.7634 25.3183
v 0.3148 0.9708 23.3824
v -18.9435 9.3025 18.6202
v -17.8066 8.8698 19.4238
v -19.1364 10.9268 18.8059
v -17.8597 10.8933 19.7818
v 2.7233 -3.0809 21.3817
v 3.2212 -4.2074 21.0616
v 3.5843 -5.2025 21.3741
v -20.1101 10.8829 17.7775
v -21.2223 11.0486 16.8159
v -19.7859 8.8691 17.4610
v -20.9126 9.5160 16.5567
v -17.3672 7.0112 19.2332
v -17.0086 5.5475 18.6770
v -15.7421 4.8651 19.4124
v -17.6589 14.9177 19.4353
v -18.9809 14.7267 18.6029
v -19.1209 12.8666 18.7840
v -17.7712 13.0347 19.6472
v -17.6161 4.9507 17.3105
v -16.9361 3.6912 16.6620
v -15.6046 3.1130 17.2954
v -13.9402 2.8941 23.4324
v -14.9082 2.1971 23.7217
v -13.2916 2.8912 24.7107
v -21.7333 2.4800 9.8619
v -21.7386 1.5075 8.8288
v -19.5794 1.2322 9.1366
v -19.9935 2.3202 9.9641
v -17.0555 18.3851 18.5569
v -17.5368 16.8605 18.9270
v -15.5545 18.8651 18.8835
v -15.7543 17.0330 19.6277
v -28.0750 6.8191 9.5446
v -28.3652 8.7577 9.9380
v -29.3094 9.0213 8.9929
v -9.9148 1.5443 25.4812
v -14.0293 4.8687 21.4599
v -15.5785 7.0256 21.2597
v -15.0124 5.4959 20.7448
v -14.4466 6.4043 22.0664
v -12.9716 4.4633 24.7052
v -13.2131 4.9730 23.3162
v -21.3875 14.9178 16.8674
v -19.9515 15.0288 17.8478
v -11.7973 5.0297 25.3914
v -12.6381 5.6201 24.2926
v -12.6364 6.2134 24.3084
v -13.6226 6.9637 23.3207
v -11.7422 6.9435 25.4454
v -9.6817 2.8146 25.6180
v -7.6679 2.4637 25.3528
v -5.6772 2.5893 25.4079
v -3.6292 2.9837 23.3614
v -3.6581 2.4572 25.3944
v -19.2002 20.5789 16.6122
v -17.6920 20.9441 17.1019
v -17.8142 19.0612 17.9020
v -12.8133 8.9534 24.4923
v -13.8179 8.9032 23.5682
v -12.7779 7.7363 24.4501
v -15.7340 21.0090 17.8006
v -15.6045 22.7118 16.8670
v -17.1993 22.2952 16.5863
v -26.0888 0.6264 5.5103
v -25.4151 -0.5325 4.8625
v -23.8704 -0.9202 5.3045
v -12.7796 10.1372 24.4562
v -13.7118 10.9522 23.5334
v -24.6366 0.0275 6.1591
v -11.6503 10.9404 25.1326
v -12.6005 11.6534 24.3038
v -12.2110 13.1882 24.0665
v -13.6039 12.8653 23.1522
v -11.3319 12.7584 24.7799
v -3.6567 21.1426 19.6888
v -3.7920 22.2937 18.6841
v -5.5503 22.2601 18.6098
v -5.6845 21.0893 19.6425
v -11.7470 14.9546 23.4992
v -10.8840 14.0454 24.4444
v -9.4914 14.2913 24.6027
v -9.7523 15.2474 23.9569
v -19.8268 0.2713 7.9351
v -19.5851 -0.4930 6.9756
v -17.6494 -0.6083 7.3283
v -18.3444 0.0098 8.2068
v -7.6433 14.3763 24.7238
v -7.6662 15.3864 24.0006
v -7.6504 23.0692 17.7626
v -5.7260 14.3916 24.7258
v -5.6590 15.4054 23.9499
v -3.7385 14.2879 24.6380
v -3.6128 15.2730 23.9135
v -1.6524 2.4273 23.3344
v -1.9904 2.1564 25.0970
v -1.2723 1.6384 25.6828
v -0.7707 1.8534 24.2488
v -24.4582 10.8027 14.0378
v -25.5744 11.0145 13.0382
v -25.2958 9.1460 12.7690
v -24.0042 8.7896 13.6787
v -20.4340 4.1980 11.9290
v -18.5914 2.0497 12.0620
v -27.7475 -7.3661 3.3065
v -25.7694 -7.0124 3.4154
v -24.1573 -6.9775 3.2207
v -26.6772 0.1616 4.1496
v -24.0515 -1.8968 4.2523
v -15.0062 0.2304 22.1747
v -13.6428 0.9820 21.6458
v -15.6511 -1.0958 21.9789
v -14.3550 -0.3868 22.0004
v -7.6320 22.1761 18.5590
v -7.7139 21.0262 19.5526
v -9.4193 22.0535 18.4852
v -9.6827 20.9497 19.3797
v -11.6319 20.8794 19.1438
v -28.7451 6.0953 8.1669
v -29.5450 6.9483 7.3638
v -28.2563 4.7072 7.5398
v -29.0466 5.4666 6.9207
v -19.2735 7.1597 16.9826
v -18.7969 5.7933 16.5197
v -18.3414 6.7462 17.8138
v -11.6899 8.9598 25.4111
v -13.5576 20.5668 18.8110
v -15.0241 20.1446 18.4789
v -13.7394 18.9586 19.6450
v -15.0184 3.6184 18.7714
v -13.9168 2.8717 19.3734
v -14.4794 4.1748 20.1375
v -16.4291 6.4927 20.0398
v -9.7039 12.9392 25.2925
v -15.6888 12.9321 21.3081
v -14.4823 13.4114 22.2015
v -29.0296 7.4184 8.6873
v -9.8084 17.6739 22.1522
v -9.6664 18.8944 21.1623
v -10.8944 1.9383 16.0280
v -11.7330 1.4915 15.3128
v -9.5815 2.1010 15.5675
v -10.0485 1.7923 14.7302
v -7.6315 17.7126 22.1922
v -7.6740 18.9214 21.2453
v -11.9144 19.4708 20.0173
v -5.6348 17.6470 22.1880
v -5.6956 18.9501 21.2354
v -3.7055 17.6520 22.1450
v -3.6476 18.9578 21.3006
v -23.6222 16.9011 14.9760
v -22.1826 17.0403 15.9570
v -21.8421 19.0021 15.6809
v -23.3384 18.8549 14.7294
v -23.9922 2.5909 9.6545
v -23.6905 1.5845 8.7249
v -20.1253 12.9324 17.9220
v -21.4726 12.9678 16.9070
v -1.6512 18.9570 21.2539
v -1.5996 17.6379 22.1464
v -16.4018 4.2223 18.0323
v -23.9379 0.6460 7.4603
v -25.5664 1.3519 7.1312
v -23.2562 -0.2268 6.5771
v -19.6944 -1.4074 5.3661
v -21.6913 -0.3807 6.7460
v -21.7714 -1.2833 5.3661
v -17.6429 -1.4458 5.3301
v -15.7370 -1.0221 7.3505
v -15.6933 -1.5798 5.3696
v -28.5704 10.9351 10.1408
v -21.8289 0.4899 7.7800
v -17.9171 0.4708 9.4885
v -16.9829 -0.2213 9.0296
v -15.7030 -0.6522 9.3321
v -13.6781 -0.9252 7.3290
v -13.6601 -0.6495 9.4010
v -16.1892 -2.3050 22.1396
v -24.6628 12.9410 14.2219
v -25.7143 12.9741 13.2317
v -24.5765 6.2818 12.1499
v -25.5686 5.2190 10.8501
v -18.0420 2.4861 13.5933
v -17.3216 1.4482 12.9751
v -15.6508 1.1973 13.3403
v -16.3751 2.0026 14.1946
v -26.5529 10.7624 12.0993
v -27.5760 10.9745 11.1287
v -24.5998 17.0965 14.2049
v -27.1336 1.4900 5.0503
v -21.9408 -2.0329 4.2708
v -21.7632 -2.9600 3.3264
v 1.8009 -1.1700 21.3595
v 1.2583 -0.1438 21.4530
v 0.4179 0.9701 21.3418
v -11.7049 2.8557 25.5167
v -13.5107 2.9560 21.3290
v -3.6197 3.3057 21.3763
v -14.7783 7.7770 22.4532
v -14.8774 9.0513 22.5497
v -15.8656 8.8653 21.5190
v -27.3773 3.2184 7.1661
v -26.3134 2.4584 7.7227
v -14.8468 10.8271 22.4981
v -15.8043 11.0442 21.5610
v -7.6954 12.9272 25.6418
v -13.2042 14.6543 22.7843
v -5.6733 12.9536 25.7160
v -3.7022 12.9358 25.5728
v -11.3968 16.3924 22.7304
v -21.3841 -3.6876 1.1030
v -19.7540 -2.9959 1.2787
v -9.6761 16.6940 22.9415
v -17.6786 -2.5014 1.3196
v -13.8469 -0.2587 10.7562
v -12.6954 -0.1466 10.4530
v -7.6735 16.7128 22.9909
v -5.6782 16.6716 22.9503
v -3.6867 16.6375 22.8931
v -1.6811 2.5435 21.3538
v -0.5694 1.9256 21.6530
v -0.5694 1.9206 22.8530
v -16.3040 15.2531 20.0879
v -27.4675 5.1103 9.1253
v -26.9397 3.8007 8.5071
v -25.6784 3.1366 9.1446
v -24.8465 1.8534 8.4530
v -14.2847 17.5697 20.1701
v -1.6825 16.6535 22.8123
v -13.7413 1.3506 15.3413
v -13.7022 0.7421 13.3529
v -11.6632 0.9985 13.3682
v -11.6969 0.4683 11.3405
v -9.6930 1.4862 13.3876
v -9.7150 1.0576 11.3428
v -21.2897 7.2905 14.8772
v -20.1209 6.7100 15.6683
v -20.5480 8.1640 16.1993
v -23.6680 12.9144 15.1347
v -22.5371 12.9161 16.1358
v -15.8237 2.3821 15.5634
v -15.0920 1.7110 14.8678
v -14.5694 1.9196 16.1530
v -23.7519 14.9304 15.0855
v -22.4315 15.0358 16.1031
v 0.4096 11.2665 25.9850
v -1.5546 11.6030 26.1767
v -15.9755 23.6259 16.1739
v -1.6707 12.9240 25.2991
v -3.4302 11.7881 26.3015
v -18.4122 17.3953 18.2207
v -16.3934 19.6746 18.2394
v -13.9030 21.4881 18.1268
v -26.2520 4.5401 9.9252
v 2.3287 10.9485 25.7307
v -17.5671 3.2602 15.1745
v -19.1713 3.3411 13.1366
v -18.7820 3.8411 14.4709
v -19.3927 5.1156 15.0601
v -20.0673 4.6515 13.5383
v -23.6764 7.0420 12.9457
v -24.9652 7.6173 12.4934
v -23.2626 5.6764 12.4982
v -22.1109 6.6246 13.6106
v -21.4679 5.5233 12.9284
v -9.8617 11.1095 26.0270
v -22.7220 8.1015 14.2902
v -26.7143 12.6721 12.2585
v 1.6858 -1.2498 19.3849
v 2.5134 -3.0582 19.3592
v 1.1663 -0.2937 19.1589
v 0.2452 0.9360 19.3877
v 3.1094 -4.6183 19.1432
v -7.3715 1.9823 14.0196
v -7.8100 1.7180 13.1301
v -7.6922 2.2911 15.3578
v -26.7694 14.0534 12.3760
v -25.8513 14.9426 13.2784
v -24.7221 14.9756 14.2564
v -26.8036 15.7534 12.4530
v -26.8117 16.2534 12.4530
v -22.9894 20.2799 14.5142
v -16.9125 10.9322 20.5864
v -16.8298 9.1118 20.5105
v -16.8473 12.4687 20.4760
v -13.0163 1.7975 19.3786
v -12.4622 1.8280 19.3544
v -11.5250 2.3138 19.3365
v -9.6899 2.9114 19.3353
v -7.6533 3.1692 19.3392
v -5.6813 3.2446 19.3344
v -3.6086 3.2122 19.3091
v -16.5694 13.8534 20.3717
v -14.9907 16.2494 20.5238
v -10.1588 19.8103 20.2986
v -7.2494 19.9960 20.4393
v -5.7036 20.0520 20.4487
v -3.6517 20.1149 20.5176
v -5.6265 11.8534 26.3942
v -1.8968 20.0587 20.4829
v -7.9732 11.7069 26.2886
v 1.5054 -1.6089 17.5897
v 0.9338 -0.7271 17.2097
v 0.0088 0.6524 17.4431
v -1.6531 15.0774 23.8404
v -18.2799 4.3882 15.7664
v -18.6400 8.0534 18.3132
v -10.4412 9.1815 26.2918
v -14.2041 2.2912 17.5495
v -13.3383 1.6562 17.1725
v -12.1919 1.7124 17.1912
v -11.2624 2.1255 17.4972
v -9.6951 2.4811 17.3575
v -10.0411 4.7982 26.1484
v -7.6978 2.7352 17.3524
v -5.6375 2.8318 17.3680
v -3.6756 2.7433 17.3821
v -8.3629 1.8404 26.2217
v -18.7694 16.0534 18.3967
v -5.6771 2.3609 15.3647
v -10.5613 6.7004 26.3353
v -20.5182 19.6284 16.2887
v -18.6343 21.8534 16.2808
v -12.3694 21.8571 18.3125
v -16.4728 -2.1703 2.7117
v -5.7556 23.2134 17.7213
v 0.2978 12.8760 25.0086
v -22.4274 -4.6715 2.7115
v 2.9923 -2.4257 26.6786
v 2.4771 29.0271 -4.6179
v 2.4784 29.1384 -2.6888
v 3.4018 28.1380 -2.6505
v 10.3026 16.9071 -16.4535
v 10.3569 15.0527 -16.5897
v 12.4226 16.8273 -16.4473
v 12.2564 15.1531 -16.6748
v -5.7475 26.8110 -16.4924
v -6.5675 26.1492 -17.8419
v -7.8238 26.6346 -18.5248
v -7.5289 27.3908 -16.8879
v -5.7326 24.8821 -18.5344
v -5.2049 25.4591 -17.3069
v -1.6451 32.6687 -2.6351
v -1.7649 32.5721 -4.6080
v -3.2684 33.6467 -2.6515
v -4.2674 34.1690 -2.5923
v 10.3826 20.1587 -16.9380
v 10.3355 18.9948 -16.4361
v 12.2641 20.1215 -16.6797
v 12.3632 19.0181 -16.3335
v 14.1924 16.9108 -16.7650
v -9.3802 27.5464 -18.8314
v -8.8642 27.8230 -17.5031
v 6.5335 17.0654 -14.7028
v 7.1784 15.5734 -13.8816
v 8.2261 15.0087 -14.6879
v 5.8273 14.9423 -8.6546
v 5.8537 14.9597 -10.6727
v 6.0854 16.8929 -8.6006
v 6.1424 16.9437 -10.6539
v 6.1012 18.9673 -10.6771
v 6.1976 18.9534 -8.6470
v 2.3391 22.9423 -14.6670
v 3.5529 22.3461 -13.9059
v 4.0461 20.7916 -14.3483
v 6.0793 21.0074 -8.6466
v 5.7902 20.9453 -10.6465
v 5.6740 22.9632 -8.6250
v 5.4688 22.4806 -10.2413
v 5.2446 23.8044 -9.4925
v 4.9770 23.1900 -10.9065
v 4.8903 25.0701 -8.7474
v 4.2605 24.9421 -10.6697
v 0.3417 20.9458 -16.8096
v 0.3822 19.1226 -18.5995
v -0.0525 20.3471 -18.7393
v 1.1158 19.8087 -17.3068
v 2.4914 19.3238 -16.7317
v 2.2375 19.0556 -18.2715
v 3.9136 26.8042 -8.5905
v 3.6253 26.4026 -10.1972
v 4.2522 18.6900 -16.7296
v 4.3189 18.9088 -18.2704
v 2.2694 28.7664 -8.6074
v 1.8085 28.4891 -10.3937
v 0.4145 29.2852 -10.6551
v 0.8917 29.6296 -8.8778
v -3.5414 27.1320 -15.1436
v -3.7435 28.3934 -14.2065
v -1.7117 26.9074 -14.5027
v -2.1998 28.2338 -13.8789
v -1.8371 30.3499 -10.3416
v -1.6924 31.2213 -8.7031
v 0.0004 30.3825 -8.5222
v -0.4443 30.0759 -9.9258
v -3.7553 22.8003 -18.5749
v -2.5606 22.0534 -17.7562
v -1.6759 21.2168 -18.6498
v -1.6985 22.9396 -16.7448
v -3.1849 23.3671 -17.3250
v 2.6300 27.1951 -10.8331
v 3.1170 27.7297 -9.0602
v -1.3037 21.4829 -17.2974
v -1.5429 20.9459 -20.5915
v -1.9027 22.3652 -20.8699
v -3.6911 22.6849 -20.6712
v -6.4072 24.1186 -22.5606
v -6.5292 24.0237 -23.9709
v -7.7630 24.4066 -24.0599
v -7.6465 25.0649 -22.7279
v -5.3858 23.6294 -22.5974
v -5.6681 23.0676 -24.8527
v -3.6102 23.1444 -22.7680
v -3.9800 22.7157 -24.2375
v -4.2622 30.0529 -11.8068
v 6.3433 16.9250 -12.7311
v 6.4883 14.9206 -12.6866
v 5.8722 19.0153 -12.6975
v 5.5244 20.5073 -12.2457
v -8.0797 28.2077 -16.0947
v 4.9279 21.1431 -12.9591
v -5.6776 34.5461 -0.6588
v -4.4088 34.0896 -0.7805
v -5.6999 34.6863 -2.6523
v 5.2848 21.8534 -11.5470
v 4.1519 22.9520 -12.6872
v -5.7509 28.5434 -14.5270
v -5.2976 27.6728 -15.4307
v -4.1423 26.3228 -15.9560
v 3.6733 24.5286 -12.1517
v 2.5533 25.1808 -12.9036
v 3.2156 25.7852 -11.5603
v 1.8825 26.5135 -12.3638
v -5.2671 23.5080 -20.7349
v -4.9660 23.6836 -19.1573
v -6.9878 25.7200 -19.1914
v -8.2184 26.2981 -20.5579
v -7.2567 25.4328 -20.8069
v -6.2113 24.4519 -20.5118
v 8.0643 14.9179 -0.6348
v 7.7461 14.8886 -2.6268
v 7.6792 16.8690 -2.3190
v 8.1796 16.9597 -0.6636
v -3.6543 29.3749 -12.7260
v -2.8360 29.8882 -11.5699
v -1.6274 29.0293 -12.6746
v -1.3586 29.6866 -11.2740
v 7.7826 18.9634 -0.6136
v 7.4592 18.4230 -1.9826
v 7.2337 19.7662 -1.5072
v 6.8854 19.0740 -2.7619
v 6.4057 20.9030 -2.6753
v 6.9585 21.1087 -0.7976
v 7.2383 15.6134 -3.4559
v 7.0740 17.0882 -3.2896
v 0.5141 27.1768 -12.9260
v -0.0459 28.5339 -12.2058
v 6.2666 22.9452 -0.6579
v 5.8566 22.9495 -2.6226
v 8.3398 16.9169 -16.2901
v 7.6395 16.2083 -15.3119
v 8.3473 14.5896 -16.7098
v 5.5871 24.5321 -0.5838
v 5.4344 24.3601 -2.5174
v 5.1007 25.5053 -0.7114
v 5.0443 25.3620 -2.7300
v 6.4147 17.4346 -16.2380
v 4.1852 27.0170 -2.6409
v 4.2476 26.9855 -0.6640
v 5.2306 17.8534 -15.6701
v 5.1363 17.8206 -16.1607
v 4.5870 19.1187 -14.9670
v 1.8936 20.7573 -16.0272
v 2.7581 21.1605 -15.2299
v 3.1770 19.7934 -15.5679
v -10.5694 27.9475 -19.7470
v -9.6543 27.1968 -20.6546
v -11.7332 28.4391 -20.6390
v 0.2052 22.8359 -16.0730
v 1.4185 22.1445 -15.7405
v 0.8435 23.5378 -15.4402
v -3.6960 24.9810 -16.6934
v -2.7694 25.8534 -15.6410
v -1.9118 24.5955 -16.0183
v -1.3864 25.3589 -15.3148
v -5.5801 29.5248 -13.0776
v -0.4724 24.0502 -15.7451
v 0.3571 24.9762 -14.7776
v 10.2267 14.6241 -15.3574
v 12.4981 14.6059 -15.5259
v -2.8655 21.8222 -19.0794
v -2.7694 21.9017 -19.7470
v 14.3651 14.9060 -15.2849
v 14.3646 14.9404 -16.4725
v 14.8189 16.9558 -15.3760
v 14.3309 19.0544 -16.7691
v 14.4323 18.9222 -15.0455
v 13.0993 19.1301 -15.5305
v 1.4989 30.1432 -0.7026
v 1.4804 30.1215 -2.5356
v 0.3684 31.1475 -2.6439
v 0.3380 31.1344 -0.6672
v 2.5970 29.0472 -0.6321
v -1.7194 32.6048 -0.6781
v 3.4058 28.1388 -0.6470
v -3.4239 33.5600 -0.5837
v 5.6490 18.5621 -14.3720
v 5.2534 19.8534 -13.5928
v 1.2306 25.8534 -13.6581
v 1.8239 24.6291 -14.1309
v -0.0818 26.4461 -14.0010
v 3.1764 23.6308 -13.5330
v 16.2332 18.7597 -14.5833
v 16.3360 17.0446 -14.4929
v 16.7517 18.4802 -13.1623
v 16.9750 17.5003 -13.2562
v -0.9015 27.7211 -13.5440
v -9.7358 26.6315 -22.5102
v -9.9334 25.3555 -23.3936
v -8.4922 26.0699 -22.1869
v 0.2920 30.7218 -6.6331
v 2.3517 29.0037 -6.6834
v 1.1796 29.8458 -7.3262
v 5.3835 24.1873 -8.1894
v 6.2642 24.4235 13.3271
v 7.1714 23.7936 13.8525
v 8.3089 23.0928 13.3369
v -5.7592 28.2151 12.6471
v -7.6909 28.2932 12.7473
v -5.7152 27.2474 13.6879
v -4.5694 33.9534 0.4530
v -5.9018 34.2523 1.1979
v -3.6821 33.3322 1.3834
v 10.2153 13.3076 -15.1699
v 12.1398 13.5442 -15.5196
v 8.5215 14.9021 1.3791
v 8.6637 16.9335 1.3839
v 8.4074 18.9545 1.3645
v 7.8113 20.8760 1.4925
v 7.4365 20.3138 -0.1076
v 7.2120 21.6661 0.7189
v 6.7414 22.9824 1.3201
v 5.7809 24.6834 1.3891
v 5.1483 25.6866 1.2685
v 4.3124 26.9772 1.3728
v -1.8805 32.3947 1.2820
v -0.9616 31.7821 1.5777
v -0.7633 31.9098 -0.1470
v 1.4567 30.0791 1.1139
v 0.2914 30.9429 1.3815
v 2.4537 29.0948 1.3757
v 3.3723 28.0202 -6.0720
v 4.0481 26.9592 -6.6653
v 3.4337 28.1158 1.2074
v 6.3737 19.0316 -17.0215
v -7.6498 29.2897 11.6426
v 4.2831 22.8715 17.3411
v 3.4306 23.9377 16.4530
v 2.1643 24.1018 16.5377
v 2.3557 23.0441 17.5533
v 3.3911 28.0331 2.6130
v 2.3235 28.8884 3.3313
v 4.2502 26.9329 3.3751
v -10.7807 27.8507 -21.1815
v -11.6440 26.9659 -22.4188
v -2.1860 22.5820 -22.4270
v 0.2699 24.1909 16.6374
v 0.3172 23.1576 17.6013
v 9.5088 18.7760 3.8565
v 9.1917 17.0465 2.6295
v 9.0526 19.1188 2.9333
v 9.6689 16.9086 3.6111
v 9.6562 15.3136 3.7287
v 9.0093 14.6336 3.0934
v 1.3822 30.0134 -5.9470
v -5.0673 33.8174 1.7826
v -2.4305 32.0758 -7.8537
v 8.2406 19.0408 -16.7433
v 2.3423 27.2996 9.4306
v 1.4898 28.0356 8.6271
v 0.1848 28.4140 9.2313
v 0.3036 31.0416 -4.6664
v -0.8177 31.8657 -5.1232
v -6.3482 34.0433 2.6140
v 8.6976 20.0304 -17.1391
v -4.5442 24.1656 -17.8581
v 14.3234 19.3779 9.4217
v 12.3592 19.5203 9.3337
v 13.6731 20.0085 8.9097
v 11.1260 19.7635 8.6484
v 10.4579 20.9306 9.3222
v 6.7094 14.9545 -4.5752
v 6.0493 14.9430 -6.6329
v 6.0736 16.9285 -6.5650
v 6.4727 16.9634 -4.6396
v 6.1595 18.9552 -6.5838
v 6.2837 18.9379 -4.6458
v 5.9537 20.9967 -4.7055
v 6.1037 20.9234 -6.5471
v 5.8505 22.9429 -6.6828
v 5.7407 22.9260 -4.6114
v 5.4447 24.3775 -6.6633
v 5.4308 24.3114 -4.6067
v 5.0202 25.3449 -4.6455
v 5.0240 25.3591 -6.6466
v 4.1219 27.0038 -4.6331
v 8.2448 13.2166 -14.6989
v -2.0294 32.3675 -6.5689
v -1.1018 31.6482 -6.8892
v 1.4126 30.1011 -4.5470
v 3.3998 28.0177 -4.6944
v 8.0198 20.3236 18.7390
v 8.4539 19.1380 19.6772
v 10.1661 18.6719 19.1370
v 3.5306 21.9714 18.4530
v 2.3464 20.9461 19.4203
v 4.3118 20.9161 19.2400
v 2.1710 22.0582 18.5000
v 0.3506 27.2678 11.3942
v -0.3875 28.0316 10.5546
v -1.4556 27.6860 11.8804
v -1.8432 28.3054 10.9780
v 0.3971 22.1199 18.5317
v 5.3827 26.0123 6.9530
v 4.3188 26.6865 7.3821
v 6.3597 24.9481 7.3686
v -5.6919 25.2516 15.6983
v -5.6415 26.2770 14.6928
v -3.6851 26.1908 14.6640
v -3.6344 25.2336 15.6564
v -1.6754 25.3305 15.4418
v -5.6316 24.2552 16.6914
v -3.6206 23.2675 17.7590
v -3.5863 24.2901 16.7451
v 9.4986 22.0746 14.7122
v 8.2444 22.6456 15.3407
v 10.3701 20.9975 15.4145
v 2.3162 18.8197 21.0001
v 2.3689 17.3006 21.9851
v 4.2865 18.7071 20.8953
v 4.3748 17.1137 21.8957
v -1.6601 23.2031 17.6982
v -1.7497 24.2422 16.6757
v 8.4227 21.1923 17.4656
v 7.7343 22.1343 16.7003
v 6.2131 22.5110 17.0931
v 12.1402 20.0253 10.0030
v 0.9483 27.7667 10.0019
v 16.3549 19.0193 5.3440
v 16.1769 17.6723 5.2526
v 17.6773 18.4512 5.4132
v 17.4186 17.8671 4.6530
v 7.3427 22.0967 2.0530
v 5.3950 25.9841 6.1863
v 6.3079 24.9698 5.3302
v 4.3307 26.7822 5.3407
v -5.5358 31.6012 7.7528
v -5.8885 32.2382 6.8585
v -7.0905 31.8384 8.1538
v 5.2280 25.8514 8.1454
v 9.3979 22.0103 8.0530
v 9.9693 20.8858 7.4024
v 8.3811 22.9573 7.3017
v 0.2914 18.8855 21.1046
v 0.3734 17.4803 22.0764
v 6.2336 20.6512 19.0736
v 6.4342 19.4626 20.0382
v 9.2186 21.8014 6.7461
v 6.4963 23.4722 15.5575
v 5.8652 24.1662 14.8345
v 4.2827 24.4900 15.3094
v 8.5264 20.9996 3.3301
v 12.1904 18.9547 15.3622
v 11.4684 20.1354 14.8196
v 16.4241 18.3482 4.0541
v 17.4678 18.1474 4.2162
v 16.3175 17.6496 3.9983
v 9.0307 21.7815 16.0684
v 3.2429 27.8645 4.1542
v -3.4615 29.6182 9.7855
v -3.8813 30.3147 8.9698
v -5.6911 30.6579 9.3564
v 6.4980 21.6067 18.0314
v 7.3914 24.0099 7.6991
v 2.5117 25.6832 13.6436
v 1.8749 26.1462 12.9485
v 1.1456 25.8602 14.2149
v 0.2700 26.4057 13.3095
v 4.5396 25.5520 11.4466
v 3.6988 26.1335 10.9565
v 2.3039 26.5463 11.3507
v 13.7836 18.2040 12.9255
v 12.6746 19.0867 13.4760
v 14.6107 16.9859 13.3562
v -3.6555 31.1427 7.3452
v -3.9525 32.2888 5.1813
v -4.6280 32.0315 6.4530
v -3.1691 31.6876 5.7563
v 15.6197 17.4196 11.4082
v 15.6498 18.2341 10.9016
v 14.2413 18.6732 11.3306
v 14.3417 16.5790 11.3884
v -3.7329 28.7399 11.3031
v 8.0338 22.8508 5.3876
v 7.2243 23.8011 5.0767
v 10.6870 17.0094 5.2075
v 12.2761 16.6629 7.2397
v 12.1769 16.9733 6.0347
v 10.8141 19.2060 7.1696
v 10.1111 18.9181 5.3931
v 9.5784 20.4787 5.5925
v 12.3620 18.6385 7.4954
v 14.2021 19.4061 7.2207
v 14.4345 17.4034 5.5581
v 14.7104 18.7628 5.6434
v 14.3249 17.2011 7.3591
v 15.6135 17.8017 7.1958
v 16.4260 18.7680 7.3494
v 17.5085 18.5705 6.7354
v 9.0018 21.3752 5.1772
v 1.8305 28.2782 7.2249
v 2.1330 28.5749 5.3085
v 0.6621 29.5434 5.4837
v 0.2864 29.1330 7.3857
v -1.9332 30.3972 7.1777
v -1.7071 31.0421 5.3677
v -0.6452 30.0122 6.4530
v -0.2139 30.2289 5.0988
v 2.7759 27.6247 7.4843
v 3.0833 27.7794 5.5257
v 4.4329 19.6911 20.1955
v -3.6853 32.8206 3.3534
v 6.2944 24.8565 9.3359
v 5.0123 25.7318 9.5420
v 4.0399 26.4197 9.2616
v 8.4115 23.1841 9.2809
v 7.4194 24.0421 9.3169
v 14.2306 19.9733 7.7244
v 15.7434 17.6601 9.4082
v 16.1051 18.5797 9.2312
v 9.5099 22.1402 9.4663
v -1.6664 29.1326 9.3474
v -1.1918 29.7151 7.8429
v 7.6554 22.4715 3.5719
v -2.4779 30.0032 8.4530
v 5.2165 25.8238 3.2287
v 6.0560 24.8322 3.3761
v 7.0131 23.4366 3.2212
v 10.0855 15.1818 5.3810
v 9.3258 20.0534 4.2530
v 17.4024 17.8724 4.2530
v 1.0835 29.7885 3.7625
v -2.3113 32.1736 3.0926
v -1.3856 31.5172 3.4830
v 0.1747 30.5456 3.3109
v 4.8377 23.7400 16.1881
v -0.3694 25.9625 14.4530
v -1.9837 26.0882 14.5263
v 0.3337 25.2079 15.4345
v 11.2057 19.8256 16.1962
v -5.6320 29.1679 11.4212
v -4.8673 29.8548 10.2549
v -6.2488 30.0293 10.4710
v 6.3088 24.6472 11.3373
v 8.4037 23.2102 11.3687
v 7.3944 24.0237 11.3001
v 12.8458 19.6011 11.3097
v 11.9435 20.1997 11.4354
v -3.6554 27.1986 13.4522
v -4.2434 28.0503 12.5067
v 10.5492 21.1983 11.3366
v 9.6077 22.1631 11.4052
v 4.3433 25.2168 13.3448
v -1.6329 26.8294 13.3494
v 2.3202 24.8876 15.4153
v 0.6306 19.8534 20.3689
v 11.7520 20.3820 13.2725
v 2.5399 19.8231 20.2867
v 15.4254 17.0184 12.6583
v 10.5571 21.3395 13.3856
v 6.2683 18.4885 20.7802
v 9.6054 22.1365 13.2802
v -2.9639 27.8583 12.2612
v 14.3658 14.9273 15.3189
v 14.0379 15.4938 13.6920
v 13.9857 16.7123 15.2037
v 13.0783 17.5823 15.5893
v 4.9420 21.8300 18.2931
v 9.9108 20.4523 17.1278
v 10.7151 19.4307 17.6402
v 11.8558 18.5623 17.2213
v 8.4019 0.9431 27.4381
v 6.3150 -1.1535 28.2396
v 8.3679 -0.9937 28.0622
v 6.7471 1.0918 28.2629
v 10.2606 -1.0504 27.1286
v 9.6090 0.1771 26.6694
v 12.3308 -3.1132 27.1679
v 11.7531 -1.5040 26.7340
v 10.3228 -3.0186 27.7098
v 6.2746 4.9388 27.1118
v 8.0037 2.8289 26.9821
v 7.6018 4.4173 26.6052
v 6.3583 2.9981 27.8744
v 4.9424 3.4996 28.2919
v 4.1800 2.8135 28.5829
v 5.4552 2.1333 28.4471
v 4.4107 5.0349 27.9176
v 2.7309 5.5394 28.2625
v 12.3374 -5.1193 27.5178
v 13.9984 -5.1521 26.9159
v 13.5874 -3.7246 26.5993
v 3.6773 4.1443 28.4745
v 5.7606 0.8569 28.4687
v 4.3588 6.9437 27.0415
v 3.8619 8.3407 26.5706
v 23.0469 -9.3689 -1.0080
v 22.3738 -9.1073 -2.6691
v 22.9432 -7.2682 -2.7804
v 23.2477 -7.9274 -1.4670
v 23.5922 -6.5230 -2.1513
v 24.2243 -6.9836 -0.6001
v 12.2956 -7.0193 27.2059
v 14.3815 -7.0370 27.0518
v 24.1629 -4.9962 -2.5635
v 23.2465 -5.8459 -3.4948
v 24.8774 -5.5467 -1.1097
v 25.6265 -4.8359 -0.4076
v 8.2667 -3.1075 27.8016
v 5.9002 6.4622 26.6367
v 23.6684 -8.8449 -0.1775
v 22.3837 -11.2774 -0.6308
v 22.9545 -11.4672 1.0269
v 22.0181 -13.2827 -0.1909
v 22.8779 -13.2620 1.2576
v 23.5439 -10.8457 1.7097
v 24.2567 -9.1611 1.3292
v 24.9250 -7.4141 1.0732
v 25.7509 -6.6754 1.6092
v 25.3600 -6.1466 0.2530
v 26.3024 -5.0580 1.3345
v 26.1685 -3.0071 -0.6470
v 26.3878 -3.0001 1.2819
v 8.3371 16.9460 21.3083
v 7.9698 18.2341 20.5967
v 6.3421 16.9628 21.7353
v 15.1183 7.2596 21.8546
v 15.5283 6.7267 21.0648
v 14.7539 8.9682 21.4740
v 20.3170 -7.3331 -6.8966
v 20.3581 -7.2452 -8.0213
v 21.6110 -7.0267 -6.4555
v 21.3288 -7.0466 -7.7470
v 22.1842 -7.0757 -4.6599
v 21.8960 -5.0678 -6.4510
v 22.8151 -5.1192 -4.7148
v 21.7940 -9.0748 -4.3090
v 8.4425 11.2089 24.1128
v 8.3317 12.9411 23.4111
v 6.3228 12.9625 23.7900
v 12.0913 16.7785 19.2103
v 11.5035 18.0904 18.5571
v 15.5685 4.6202 22.8298
v 14.6841 5.1240 23.7294
v 15.8153 2.8340 23.2397
v 15.0887 3.3029 24.1740
v 10.3382 10.9559 23.8021
v 10.6874 9.5431 24.2553
v 12.4042 9.0052 23.8563
v 12.2728 10.9482 23.1054
v 12.8645 7.3624 24.2157
v 14.2548 6.9049 23.3466
v 13.8451 8.8181 22.9261
v 4.3917 13.1677 24.0401
v 4.3225 14.9407 23.1339
v 2.3107 14.9416 23.4309
v 2.5292 13.5516 24.1870
v 25.3483 -22.1466 14.7530
v 25.1625 -21.2802 15.3455
v 25.4180 -23.0444 14.8492
v 24.7801 -23.4979 15.2984
v 25.2299 -17.2891 15.6694
v 25.4755 -17.1518 14.6944
v 25.5309 -15.1876 14.7207
v 25.0911 -15.2045 15.6909
v 25.4755 -13.5055 14.6297
v 24.9407 -13.1205 15.5500
v 19.7457 -3.1889 17.2113
v 19.4921 -1.8147 16.7296
v 18.7424 -0.9770 17.4223
v 21.5362 -13.9575 24.4690
v 22.4286 -13.1615 23.5285
v 20.1903 -13.3268 24.5706
v 21.0164 -12.6998 24.2447
v 19.0497 -4.7192 19.7972
v 19.6310 -5.2795 19.0568
v 19.4639 -3.6962 18.5550
v 18.7115 -3.0496 19.4228
v 19.8104 -11.2945 24.6134
v 20.7907 -11.0607 23.7767
v 24.5093 -21.1969 17.3397
v 22.4464 -21.3878 16.8287
v 22.2843 -23.2154 17.4653
v 26.3958 -23.4617 9.5621
v 27.4060 -22.9411 8.6923
v 27.3753 -21.3807 9.1630
v 27.2550 -21.1110 9.5909
v 27.1285 -19.3687 9.1770
v 25.4400 -11.9029 10.0034
v 25.6681 -13.2864 9.4495
v 24.9684 -11.1260 9.2831
v 19.5722 -9.6333 24.5670
v 20.2151 -9.2084 23.3144
v 18.3919 -9.1308 25.1674
v 18.0579 -7.1276 25.0259
v 18.8353 -6.8453 23.5918
v 18.0199 -5.1083 23.4362
v 17.5322 -5.5527 24.6794
v 19.2343 -8.2214 24.0349
v 16.4550 -5.0076 25.5021
v 17.3005 -4.1466 24.2530
v 16.1043 -3.1503 25.1057
v 16.9817 -2.8605 23.5560
v 15.7046 -1.1907 24.7020
v 16.5367 -1.0537 23.3828
v 22.1245 -13.3575 21.2405
v 23.9380 -13.2827 21.2838
v 22.5212 -11.1280 21.4729
v 15.4660 0.6329 24.5436
v 16.1205 0.9871 23.4355
v 23.4228 -12.0604 20.8893
v 21.8048 -14.8599 24.5272
v 22.3171 -14.9666 23.5147
v 17.1390 -0.8526 21.8442
v 17.5424 -1.2274 20.9471
v 16.9407 1.0006 21.3819
v 25.2944 -20.0323 14.0530
v 24.6941 -21.3488 13.2203
v 26.1004 -19.2625 13.2390
v 2.2249 12.6435 24.7874
v 0.8306 13.8068 24.3296
v 6.2255 10.7805 24.7292
v 4.0377 12.2221 24.5564
v 6.7547 11.6614 24.2799
v 7.9812 10.3197 24.5415
v 10.5454 2.9789 24.6504
v 10.2814 0.9324 25.4508
v 9.8142 2.7947 24.2155
v 9.7306 1.8534 24.3767
v 8.8642 2.9397 25.3287
v 9.1494 2.9419 24.2436
v 10.7264 17.4317 19.9124
v 14.2245 2.8863 24.8094
v 13.7483 4.7204 24.5754
v 12.1293 6.7683 24.6294
v 14.2886 0.8563 25.0586
v 10.4134 15.0195 21.7186
v 10.1122 16.6450 20.8478
v 11.5333 8.2021 24.4582
v 10.2083 8.6990 24.6196
v 8.3040 8.9426 24.9220
v -1.8402 14.1171 24.5106
v -0.4694 13.9458 24.4530
v 0.3353 14.9424 23.7295
v 27.4489 -23.4185 7.6578
v 26.2548 -23.0995 6.8157
v 27.4054 -22.0028 8.1646
v 26.3780 -21.3003 7.3478
v 25.5752 -15.4133 7.9036
v 25.0768 -15.1259 6.9846
v 25.3850 -13.9466 8.2182
v 24.9313 -13.1882 7.3437
v 17.4737 -3.5997 22.9029
v 18.2406 -11.2381 25.1583
v 18.2039 -23.2221 21.1239
v 17.5112 -22.1043 20.9027
v 16.2337 -21.3657 21.4822
v 16.3189 -23.3370 21.4428
v 17.8275 -3.0529 21.3307
v 19.1573 -2.4361 17.9650
v 23.7729 -25.0306 16.7221
v 24.1823 -23.2107 17.0101
v 22.3132 -25.2877 17.5620
v 23.7042 -11.4616 17.1531
v 22.2272 -9.2107 17.3516
v 23.0062 -10.6810 17.7522
v 23.3697 -10.1466 16.4530
v 6.2832 8.8955 25.4473
v 4.3359 10.9077 25.1788
v 9.1208 1.6113 25.6955
v 13.1316 11.6175 22.1761
v 14.0671 10.8710 21.3633
v 13.6297 12.5438 20.8610
v 12.5510 13.1042 21.6833
v 12.3331 0.9743 25.1403
v 12.3131 2.9354 24.9525
v 12.3704 4.9445 24.9136
v 11.0263 13.7199 22.2429
v 12.0410 14.7404 20.9879
v 10.3426 6.9746 25.0024
v 8.5232 15.4204 22.1205
v 26.5221 -26.5517 6.7816
v 26.4764 -25.3247 5.5395
v 26.3133 -25.3143 7.4465
v 26.5891 -26.8070 5.3737
v 27.4197 -25.0337 6.0485
v 27.4116 -24.6551 7.1755
v 21.8270 -11.4873 22.9443
v 22.8196 -6.9793 13.4510
v 24.3058 -9.1217 13.3659
v 23.4916 -7.8629 12.9885
v 27.0370 -19.6733 11.6243
v 27.5523 -18.9445 11.1814
v 27.4992 -17.7140 11.0478
v 27.1095 -16.9624 11.5493
v 26.2610 -23.6844 6.0933
v 16.2230 -21.1062 23.4020
v 24.3179 -17.4263 6.9817
v 23.9846 -17.2838 5.4876
v 24.2705 -15.2918 5.2670
v 24.3849 -13.1990 5.3275
v 24.4825 -11.2326 7.3538
v 24.1353 -11.2319 5.3620
v 24.3642 -9.2332 5.5782
v 24.1030 -8.9525 7.2326
v 23.3255 -8.9466 6.4530
v 23.2846 -8.9466 6.2530
v 14.4286 -1.0076 25.4553
v 21.6659 -9.8501 21.1581
v 20.8113 -8.8247 21.4206
v 25.5495 -8.2042 6.5689
v 25.7785 -8.4610 5.3108
v 26.4018 -7.1148 7.3780
v 26.7675 -7.4570 5.2859
v 19.5816 -7.5845 22.9569
v 19.8042 -7.3287 21.2620
v 19.1386 -6.4092 21.6830
v 27.4404 -6.8513 6.6234
v 27.4860 -6.6107 5.5094
v 18.5619 -5.0701 21.3558
v 17.2659 -2.2132 22.2803
v 23.6031 -13.7050 22.7722
v 26.3119 -24.6780 8.7761
v 26.1187 -19.3263 7.7682
v 26.9388 -16.9760 9.1556
v 26.0491 -17.2666 7.6931
v 20.2465 -27.2200 17.3724
v 21.1021 -25.5028 18.2788
v 21.9995 -26.8912 16.9264
v 26.1661 -15.2604 9.3269
v 25.2438 -12.5640 8.6463
v 24.1538 -9.0893 9.3564
v 24.3251 -7.1398 9.4246
v 24.8920 -7.8908 7.8001
v 25.6346 -6.8089 8.6161
v 16.5070 2.9409 21.3911
v 15.9246 4.9147 21.4148
v 20.9937 -4.8425 15.6551
v 22.0960 -7.1152 15.3357
v 21.5832 -5.4590 14.8883
v 21.2576 -6.1946 16.2050
v 13.5237 10.2644 22.5894
v 11.8192 12.3655 22.6429
v 10.2893 12.8712 22.9510
v 10.3334 4.9054 25.1707
v 8.4242 5.0265 25.7640
v 23.7005 -14.6459 3.3820
v 23.8422 -13.2521 3.3229
v 2.2358 16.3115 22.6249
v 0.2830 16.5023 22.7557
v 23.8480 -11.2092 3.3253
v 24.6824 -9.3394 3.2826
v 2.8638 9.6779 26.2599
v 4.4345 9.1515 26.0139
v 25.6472 -8.4233 3.6463
v 26.3596 -7.0939 3.3645
v 4.1623 16.1352 22.4991
v 26.9894 -5.2359 3.0637
v 27.4628 -4.7492 3.7854
v 27.4681 -4.9910 5.0367
v 5.4306 15.9472 22.4530
v 6.2748 14.8597 22.8757
v 8.1764 14.5065 22.6771
v 6.8508 15.7735 22.3055
v 9.6602 14.1222 22.4840
v 21.5558 -7.5570 16.8896
v 20.9273 -6.9312 17.6122
v 21.2541 -8.2207 18.2345
v 5.1640 7.7868 26.3536
v 6.6100 7.1993 26.0061
v 8.2722 6.9272 25.4688
v 27.5027 -17.7421 9.7627
v 27.5162 -18.7275 9.8788
v 23.4020 -13.4507 2.2028
v 22.5068 -15.3703 1.3969
v 26.0094 -22.6388 10.7235
v 26.3893 -21.1424 11.2462
v 26.6048 -15.2563 11.3379
v 26.0603 -13.2407 11.3441
v 25.5902 -11.5807 11.4325
v 25.1388 -10.5920 11.2021
v 24.3575 -9.1093 11.3599
v 23.6333 -7.0883 11.1161
v 16.3935 -7.0357 25.9042
v 16.6981 -9.1065 25.9267
v 12.3519 -0.9516 25.9000
v 7.1905 5.7426 26.2916
v 14.3866 -3.0079 26.0320
v 24.2934 -23.0071 13.8153
v 25.1319 -19.2362 15.3905
v 25.3789 -18.6466 14.4530
v 26.3096 -17.3018 13.3944
v 26.2326 -15.2708 13.4000
v 25.8888 -13.2479 13.3730
v 25.5652 -11.6056 13.1787
v 24.4649 -11.1845 15.3549
v 25.1199 -10.7670 13.6667
v 23.7646 -9.4726 15.1564
v 22.8763 -8.7178 15.6684
v 23.2306 -8.1466 14.2774
v 23.2184 -6.8111 12.0105
v 14.0604 14.9382 17.3784
v 13.5130 16.2539 16.9310
v 12.7965 17.1047 17.5025
v 18.5983 -22.8442 19.3829
v 17.5348 -22.0841 19.5059
v 16.2908 -21.3999 19.3731
v 20.2387 -25.1562 19.0739
v 19.9710 -23.7329 18.9686
v 18.4599 -24.5077 20.6872
v 14.7277 -21.0217 21.3312
v 15.0679 -20.5516 19.6003
v 21.7321 -9.5340 19.2780
v 21.0241 -8.5493 19.4941
v 20.2596 -7.1024 19.3709
v 18.1133 -1.0736 19.3559
v 17.5873 0.5894 19.2635
v 17.3820 0.1919 20.5239
v 17.1984 1.5332 19.4779
v 24.0250 -14.5781 21.1029
v 24.5828 -15.1316 19.2337
v 24.1234 -13.2468 19.4107
v 23.5054 -11.9417 19.3154
v 22.7745 -10.8868 19.3424
v 19.7871 -26.5932 18.5221
v 16.7860 2.9143 19.3730
v 16.0664 4.9541 19.2785
v 15.6175 6.8578 19.5533
v 14.9504 9.1318 19.0542
v 14.8403 10.9934 19.4202
v 14.1502 12.9858 19.3990
v 15.4115 8.5773 19.7000
v 15.3663 8.2189 20.5330
v 18.4388 -22.4063 17.9087
v 18.2348 -21.5403 16.9209
v 16.3250 -21.4740 17.1833
v 20.5309 -22.9141 17.8817
v 20.3730 -5.0978 17.3433
v 20.2376 -3.1210 15.2852
v 19.5832 -1.8426 15.9860
v 12.8337 15.2813 19.7522
v 11.4617 16.0852 20.4666
v 13.6185 14.5929 19.0314
v 24.2094 -25.0880 15.3846
v 17.7397 0.6074 17.3865
v 24.4217 -19.2294 17.3944
v 24.5396 -17.1727 17.4267
v 24.3939 -15.3866 17.4637
v 25.0337 -16.4337 18.5050
v 24.2849 -13.2073 17.3516
v 10.9392 -0.2169 26.2423
v 13.0117 -2.4043 26.2142
v 14.8754 -4.8993 26.1925
v 16.8752 1.4976 16.9395
v 16.2505 2.8422 17.3931
v 14.1555 10.9970 17.6070
v 14.4854 12.8676 17.2793
v 13.2904 15.8534 18.2530
v 15.1807 -6.2185 26.2692
v 15.5223 -7.6256 26.5293
v 5.6806 -0.1963 28.4383
v 6.3045 -3.1033 27.5383
v 5.1306 -0.1466 28.4201
v 10.3422 -5.0796 27.3406
v 8.3457 -5.0334 26.9623
v 15.7574 -9.2920 26.7125
v 14.3955 -11.1381 26.7159
v 16.0028 -11.2601 26.8382
v 14.3349 -9.1408 27.1215
v 4.3757 -2.9771 27.0350
v 6.4630 -4.7466 26.7370
v 12.6633 -8.9121 26.7853
v 10.5995 -6.7999 26.6962
v -9.6763 -21.7603 17.3754
v -7.6762 -21.4678 17.8510
v -7.5102 -22.3819 17.0533
v -12.8435 -20.3168 17.8657
v -13.7147 -19.5099 17.2331
v -11.6869 -20.8383 17.3570
v -11.3350 -18.4689 17.1374
v -9.5996 -20.6891 21.3256
v -11.6758 -19.1954 21.4102
v -10.9461 -20.3134 20.7808
v -9.7727 -19.7118 21.4885
v -11.4776 -20.6185 19.1981
v -11.6188 -19.0298 19.5790
v -13.7065 -19.3521 19.4086
v -12.8194 -20.2417 18.5995
v 18.3848 -26.7727 18.7455
v 18.3303 -25.4079 19.6559
v 16.6980 -26.3893 18.6101
v 16.3144 -25.2743 19.5486
v -1.7203 -22.4550 20.9067
v -1.7338 -21.0534 21.7106
v -3.5453 -22.3206 20.8907
v -3.7078 -21.2237 21.6510
v 0.2057 -22.4536 20.7737
v 0.3455 -21.2691 21.5927
v 0.4401 -19.4337 21.1883
v -1.1038 -20.0132 20.8774
v 13.3998 -18.0799 24.3237
v 12.2106 -17.3190 23.9938
v 12.3882 -19.2631 23.4667
v 14.0970 -19.5113 23.9959
v 14.3065 -17.2215 25.3554
v 14.7444 -18.9094 24.7870
v 16.2760 -19.2659 25.2139
v 16.2824 -20.4278 24.5445
v 14.4556 -21.1170 23.1465
v 17.7887 -20.5265 24.6380
v 17.6531 -20.6767 24.0968
v 18.0919 -19.1132 25.2465
v 17.8383 -19.3105 23.7058
v 13.0597 -16.7280 24.6098
v 6.2647 -19.3113 21.5269
v 4.2591 -17.1296 21.5870
v 4.2133 -18.9385 20.9564
v 6.1122 -17.4048 22.0698
v 12.7412 -15.1779 24.8042
v 11.7561 -15.3605 24.1238
v 10.2507 -13.3419 24.0492
v 10.3466 -15.2057 23.6111
v 11.5199 -13.9566 24.3116
v 12.3929 -13.2078 25.0538
v 8.1734 -11.7059 24.2012
v 8.3459 -13.2227 23.7257
v 9.7140 -12.0086 24.3171
v 10.4571 -11.1709 24.8421
v 11.0291 -12.5074 24.5014
v 5.3910 -9.8001 24.1639
v 6.1460 -11.3153 24.0090
v 6.3013 -9.1063 24.8525
v 4.7774 -9.0902 23.4453
v 5.1609 -8.3143 24.4876
v 6.6524 -10.4161 24.4682
v 8.4892 -10.7717 24.6173
v 4.2433 -7.0461 23.3790
v 4.7707 -6.9206 24.7969
v 4.2149 -5.0676 25.4954
v 3.5851 -5.3017 23.3320
v 3.1869 -4.3306 24.8056
v 3.1868 -4.3501 23.3996
v -17.8268 -13.0226 19.0390
v -19.1672 -13.2250 19.1882
v -19.0281 -14.7494 18.7589
v -17.9135 -15.4025 19.5124
v 12.3174 -11.2765 25.6543
v 8.9942 -6.2419 26.4733
v 2.2902 -19.1575 21.4257
v 2.1539 -21.0144 20.9884
v 8.3114 -9.1371 25.1621
v 2.8053 -17.7094 20.9815
v 7.5210 -19.9666 22.2454
v 8.1500 -21.3875 21.7574
v 6.6843 -20.9863 20.9646
v 6.2458 -7.0482 25.5536
v 10.2571 -21.8069 22.1918
v 10.2999 -23.2080 21.3602
v 8.5779 -22.8129 20.8957
v 2.8761 -21.3830 17.7376
v 2.2529 -22.7950 17.3413
v 3.9627 -21.4908 17.8644
v 4.5269 -22.9316 17.1783
v 14.3490 -23.1865 21.3807
v 12.3602 -21.8689 22.1933
v 12.3250 -23.2348 21.4878
v 13.1733 -10.4743 26.4839
v 12.3142 -24.7618 20.6794
v 10.7185 -24.5928 20.6200
v 5.0386 -4.2797 26.5186
v -17.2409 -12.6029 22.4391
v -17.3694 -12.1466 22.4202
v -17.6562 -11.2869 21.5699
v -17.7451 -13.1747 21.5049
v -13.7798 -17.2790 21.5472
v -13.4477 -18.7187 21.0999
v 5.0892 -11.1139 23.1331
v -8.8694 -20.3466 22.4229
v -7.6003 -20.9433 21.4871
v -8.4694 -20.5466 22.4070
v -14.5331 -16.0027 21.1323
v -15.6823 -15.2736 21.6095
v -15.4526 -16.9612 21.2686
v 14.2744 -15.2585 25.8170
v -17.2145 -14.9438 21.1081
v -16.5194 -13.9966 22.4282
v -15.8924 -14.9927 22.4250
v -17.7144 -17.7418 15.3762
v -16.7694 -18.1739 15.0530
v -15.6694 -18.6804 15.3385
v 12.3148 -25.7716 20.1751
v 10.1587 -25.4076 19.6257
v 10.6726 -26.8409 18.9568
v 12.3059 -27.2098 19.2704
v 14.4243 -25.3787 19.8164
v 14.0484 -26.8561 19.1075
v 8.3058 -19.2219 22.8049
v 8.8340 -20.5916 22.5463
v 7.2306 -18.4466 22.4135
v 8.2922 -17.2860 22.9224
v 16.1171 -13.1956 26.6842
v 4.6148 -15.3049 21.3907
v 6.2952 -15.2111 22.7910
v 5.1134 -15.0709 22.5052
v 14.7408 -12.4859 26.4572
v 10.3617 -9.1096 25.5606
v 6.9928 -16.9315 22.5007
v 4.9666 -13.2175 21.3557
v 5.2263 -13.0880 22.7805
v 4.7984 -11.2674 21.4002
v 5.3040 -11.9466 22.2530
v 10.3481 -20.8217 22.6688
v 12.3688 -20.8885 22.7510
v -17.5677 -15.1514 17.8360
v -19.5093 -15.3108 17.3715
v -17.7417 -17.3266 17.5168
v -19.1654 -16.6367 16.9762
v 15.1761 -22.3093 22.5008
v 16.0258 -22.4022 22.5962
v 2.5962 -21.3624 19.4408
v 4.4973 -20.9880 19.1478
v 4.1472 -19.4997 19.8544
v 4.5147 -9.1068 21.3562
v 4.1263 -7.0609 21.3395
v 17.6611 -16.8956 26.5985
v 17.6197 -15.7791 26.5362
v 16.8002 -14.9346 26.5216
v 17.2146 -16.9181 26.4530
v 4.0509 -23.8153 15.6572
v 4.6839 -24.5607 15.0146
v 6.3523 -24.9039 15.4391
v 10.2569 -27.3038 17.4165
v 8.2866 -25.2700 17.4202
v 9.1066 -26.4595 16.9561
v 9.4296 -26.0589 18.2096
v 10.3249 -17.2288 23.5000
v 6.1299 -23.6233 17.5631
v 6.8949 -24.5041 16.8618
v 7.4263 -24.1345 18.1810
v -21.3442 -15.7601 15.0828
v -21.8433 -15.4620 13.3091
v -20.9979 -16.2925 13.5975
v -20.9813 -16.3662 14.9668
v 16.9670 -19.8446 22.9095
v 2.0365 -23.9953 13.6973
v 2.6283 -24.4173 12.9744
v 4.3357 -25.0838 13.3606
v 2.3596 -23.3978 15.3374
v 8.2953 -15.2598 23.1774
v 6.2543 -13.2326 23.3970
v 14.2329 -13.3238 26.1116
v 5.9938 -5.6117 26.1135
v 8.3127 -7.1281 25.9531
v -18.8646 -11.2200 20.7944
v -19.2293 -11.3155 19.5443
v -18.7752 -12.3640 20.6318
v -16.0440 -17.5555 19.5820
v -15.2471 -18.5375 19.0631
v -9.6967 -21.1996 19.3463
v 3.5914 -3.7259 26.1492
v -7.5682 -21.1994 19.3764
v -5.6632 -21.3012 21.4683
v -5.8098 -21.2232 19.4553
v -4.7694 -22.1749 20.4530
v -5.2618 -22.2938 18.9971
v -3.6767 -22.5544 19.3205
v 11.8716 -9.5115 26.0768
v -18.0150 -9.3497 21.0682
v -18.7694 -10.1420 20.8818
v -17.2291 -16.7413 18.9709
v -18.8941 -10.0347 19.7963
v -17.9375 -9.6003 19.7957
v 14.0312 -24.3883 20.4879
v -1.7040 -22.8258 19.3788
v 0.3945 -22.7630 19.4174
v 1.6753 -22.4208 19.0486
v 5.9724 -21.5718 19.8579
v 6.5470 -22.8076 19.1013
v 8.0128 -23.5677 19.6278
v -19.7455 -16.8432 15.4122
v 9.4150 -24.1466 20.2641
v 8.7883 -24.7071 19.0239
v -15.5930 -18.6635 17.3238
v -13.6676 -19.5631 15.3681
v -11.8136 -18.8868 15.7806
v -11.5524 -20.6004 15.3619
v 16.7677 -24.2772 20.4713
v -9.7025 -21.5104 15.3650
v -15.7043 -16.9789 17.5208
v 8.3506 -25.6425 15.1867
v -5.6697 -22.6306 17.3603
v 10.3348 -19.2234 23.1983
v 16.2674 -17.3010 25.9626
v 18.4562 -17.3624 25.8771
v 5.4997 -24.1385 16.2608
v 0.3461 -23.0705 17.3776
v 13.6598 -11.8489 26.2741
v 16.1708 -15.2499 26.1671
v 5.2474 -22.3322 18.4361
v 10.0582 -7.5874 26.1289
v 18.3328 -15.2106 25.6704
v 16.6052 -13.3442 26.1561
v 7.5806 -5.9823 26.3313
v 16.9166 -11.2478 26.0966
v -21.3349 -1.7444 -1.1608
v -21.8715 -1.0103 -2.6805
v -19.6661 -1.0106 -2.6447
v -19.6815 -1.6240 -0.7329
v -17.6729 -1.7311 -0.8011
v -17.7482 -0.8061 -2.4782
v -15.7793 -0.9273 -2.6952
v -15.7335 -1.5667 -0.6243
v -13.6818 -1.0076 -0.6195
v -13.6295 -0.6990 -2.7428
v -11.8042 -1.2024 -2.5479
v -27.0551 -2.1893 -11.2817
v -27.2772 -2.3282 -12.6445
v -25.8731 -2.8742 -12.6223
v -25.7808 -2.4005 -10.7638
v -15.9021 2.1228 -6.8555
v -15.4707 1.5975 -6.1897
v -13.7476 1.4668 -6.2434
v -23.8684 -2.7313 -10.6913
v -23.8747 -3.1253 -12.6605
v -21.7492 -2.8806 -10.6811
v -21.7148 -2.9828 -12.7132
v -19.6716 -2.6051 -10.6126
v -19.7983 -2.5508 -12.5127
v -18.5851 -2.2295 -11.1593
v -18.5950 -2.1518 -11.8841
v -17.9100 -0.9435 -12.5541
v -17.5892 -1.1893 -10.6437
v -16.6859 -0.1466 -10.6470
v -16.4731 1.0445 -12.0529
v -17.2975 0.8156 -12.9795
v -15.9397 0.8908 -10.6510
v -27.1226 -2.2406 -13.9526
v -25.8344 -2.4560 -14.2038
v -23.8744 -2.4884 -14.2347
v -27.9608 -1.3064 -14.7551
v -21.9220 -2.3779 -14.0541
v -20.4852 -2.1616 -13.7566
v -19.8225 -1.0112 -14.3363
v -19.1609 -1.7252 -13.2782
v -16.9702 0.7009 -8.0140
v -17.7630 -0.7104 -8.7651
v -15.8024 1.1381 -8.6593
v -15.8229 0.5492 -5.1497
v -15.6798 -0.6175 -4.4932
v -17.6851 0.7262 -4.8919
v -17.6674 -0.3040 -4.3738
v -19.0396 0.6728 -6.1051
v -19.7565 -0.9375 -6.7233
v -17.7574 1.0031 -6.8092
v -18.4577 -0.2371 -7.3622
v -13.4937 2.0935 -7.2021
v -26.2466 -6.2726 1.7464
v -25.5903 -5.6692 1.1796
v -24.2967 -4.5563 -0.6672
v -23.8006 -5.1002 1.2957
v -23.2933 -3.6680 -0.7566
v -22.9938 -4.0011 0.4402
v -21.9738 -2.7431 -0.4551
v -19.8804 -2.2918 0.1815
v -17.7825 -2.2020 0.1487
v -26.6094 -1.6230 -1.5203
v -23.9008 -5.1833 -2.7298
v -22.4910 -4.7459 -3.2525
v -22.5343 -3.3516 -2.8865
v -16.4671 -2.2016 1.5191
v -15.5266 -1.8091 1.2921
v -13.6600 -0.9508 1.3793
v -16.2988 0.1316 -3.4190
v -17.4997 0.2378 -3.2967
v -13.6994 2.5938 -8.8412
v -15.5828 2.0371 -8.5673
v -23.3724 -2.2595 -7.1451
v -22.1336 -2.2429 -7.2305
v -21.5836 -1.7679 -6.4161
v -24.1684 -1.2593 -6.4420
v -19.2089 0.7184 -5.1424
v -19.8398 -0.5320 -4.5716
v -11.5810 2.2933 -6.9775
v -11.8609 1.6828 -6.0581
v -19.5709 -1.5645 -8.5664
v -21.7460 -2.4370 -8.6515
v -20.3529 -2.1988 -9.2881
v -26.5513 2.0158 -5.3552
v -25.9200 0.9429 -4.8499
v -27.1138 1.4966 -4.1173
v -27.9646 2.5127 -4.6708
v -14.5432 1.8379 -8.0356
v -24.7523 0.7888 -5.8456
v -24.6081 -8.4725 3.7221
v -25.6989 -8.8418 3.9563
v -23.8016 -1.6230 -15.2188
v -25.9413 -1.6651 -15.1998
v -25.3979 -5.0679 -2.1119
v -25.3700 -6.3818 -1.9775
v -24.5697 -6.2223 -2.4354
v -23.7010 -3.0595 -2.7308
v -25.4401 -3.0890 -2.0924
v -22.0814 -4.6748 1.5851
v -26.5408 -2.0567 -10.0327
v -22.5104 -3.7601 -3.8317
v -22.4640 -4.5811 -3.8694
v -23.1693 -4.7366 -3.7990
v -23.1648 -3.6761 -3.7923
v -20.8194 -2.0855 -7.8970
v -17.4897 2.2536 -6.5609
v -13.8809 3.6085 -10.0372
v -13.5947 4.2261 -11.0843
v -11.6436 4.5251 -10.9248
v -25.5304 -0.7023 -4.5922
v -23.8454 -1.3342 -4.7073
v -24.7481 0.9361 -5.5003
v -21.8372 -1.0878 -4.6137
v -13.7119 0.4129 -5.4278
v -21.6218 -1.3301 -15.0430
v -18.8962 -1.9857 -9.8453
v -25.5489 -2.3154 -8.8050
v -23.8896 -2.5094 -8.6266
v -24.4736 -1.8717 -7.7530
v -11.8731 3.7504 -9.9192
v -26.6680 0.1902 -2.9347
v -25.8256 -1.0548 -2.5140
v -27.1440 -0.3601 -1.7870
v -23.7411 -1.3046 -2.9645
v -13.6691 -0.8774 -4.5746
v -26.3904 2.1826 -6.1067
v -11.7515 -1.1697 -4.5669
v -11.2388 -2.8357 -3.2589
v -11.0369 -2.3995 -4.1609
v -16.9074 2.0825 -7.7628
v -18.5694 2.0534 -5.6497
v -11.6893 3.0824 -8.6595
v -9.6492 2.3392 -6.6736
v -9.6348 3.2578 -8.6505
v -11.5961 0.8087 -5.1982
v -15.6268 3.0321 -10.6328
v -10.3276 3.8470 -9.7380
v -9.6533 4.7289 -10.6762
v -26.3392 -10.3095 5.9364
v -26.9954 -10.2809 6.2296
v -27.6606 -8.2822 4.1925
v -26.4246 -10.6985 7.4624
v -28.8100 -8.1466 4.2530
v -24.0697 -6.2268 2.2565
v 16.3848 -26.4300 17.7034
v 17.9079 -26.0046 16.5408
v 18.3405 -27.3079 17.2717
v 16.2668 -25.8027 16.7640
v 14.0057 -26.7686 17.4071
v 14.4593 -26.0123 17.1376
v 16.3731 -15.2698 7.1029
v 16.2316 -16.5586 8.0575
v 14.8743 -16.4263 7.9860
v 14.2488 -15.5053 7.2091
v 22.0883 -21.5789 13.1413
v 22.5898 -23.0179 13.8089
v 18.2817 -23.3076 15.3957
v 20.5387 -23.4801 14.5392
v 20.3210 -25.1254 15.4195
v 16.3807 -23.2817 15.2948
v 18.3120 -21.0164 15.6150
v 16.4909 -21.2887 15.9447
v 14.2705 -25.1628 15.7814
v 12.3469 -23.6102 14.7342
v 14.3977 -23.5713 14.8628
v 12.3624 -25.2420 15.1536
v 18.3555 -17.4048 8.9712
v 18.2674 -18.7101 9.9243
v 16.4372 -18.5709 9.9362
v 16.3156 -17.5684 8.9671
v 20.3325 -18.6000 10.0621
v 20.3029 -17.4281 9.0659
v 22.5454 -18.8705 9.5996
v 22.0027 -17.7272 8.8233
v 22.4074 -20.6762 11.9031
v 22.2632 -19.7378 10.9018
v 24.3889 -21.0717 11.3001
v 13.7127 -33.3400 11.3443
v 13.0005 -31.7073 12.0496
v 13.8290 -31.7497 11.9720
v 2.1694 -22.9690 10.9002
v 0.5674 -23.7885 11.4559
v 2.1511 -21.1862 11.5852
v 1.1505 -21.7335 11.0197
v 12.3572 -22.6109 14.0594
v 12.2905 -21.4967 13.1056
v 14.3550 -21.5680 12.9046
v 14.3583 -22.5922 13.8953
v 16.2795 -21.7453 12.9618
v 16.4713 -22.4493 13.7754
v 17.9189 -21.9808 13.0407
v 18.3700 -22.8116 13.4449
v 12.4492 -20.5269 12.0247
v 12.3160 -19.3330 11.0646
v 14.2273 -20.6349 12.0719
v 14.3297 -19.2578 11.2174
v 16.3763 -20.8732 11.9266
v 16.2518 -19.5482 11.1001
v 18.3020 -19.6931 10.8325
v 18.3111 -21.0815 11.8962
v 20.3777 -19.6171 10.9365
v 20.2176 -20.4889 11.9607
v 16.3034 -13.2087 5.4763
v 14.2657 -14.4950 6.0959
v 14.3268 -13.1890 5.2021
v 12.2803 -29.4738 15.5745
v 13.5131 -29.0221 15.1977
v 12.4084 -27.0462 14.9110
v 13.5750 -27.2129 15.4109
v 18.1869 -16.4196 8.2444
v 18.3130 -15.2333 7.4282
v 10.4895 -27.1779 15.5091
v 10.2696 -25.3418 14.9470
v 20.8616 -27.0930 15.9810
v 22.3062 -27.0631 15.6763
v 21.6083 -28.3217 15.8639
v 22.2824 -25.2959 15.0017
v 23.4063 -26.2798 15.9530
v 8.0887 -19.9672 12.6113
v 8.3730 -21.1493 13.3939
v 6.2946 -21.2022 13.2181
v 6.3512 -19.8750 12.6581
v 16.3329 -24.8641 15.8991
v 18.4360 -25.0693 16.1102
v 10.4984 -18.4178 10.1680
v 10.3026 -17.2647 9.4813
v 12.3626 -17.0086 9.6178
v 14.8174 -18.4837 10.1852
v 14.3052 -17.2734 9.3104
v 9.4290 -26.4082 14.0570
v 8.7008 -26.5285 13.7786
v 8.1940 -25.4341 13.8389
v 9.4086 -26.0674 14.0885
v 6.3420 -23.2307 13.1288
v 8.1594 -23.1280 14.0832
v 6.2807 -24.9757 13.4473
v 4.3109 -19.0666 11.7140
v 4.0479 -21.4545 11.9937
v 2.3116 -19.2384 11.3018
v 10.3194 -21.2347 13.1658
v 10.3623 -22.6170 14.1553
v 10.9469 -20.3439 12.2467
v 10.2943 -19.3390 11.3167
v 13.7094 -31.1896 13.3007
v 12.3745 -29.2462 13.7761
v 13.7117 -29.3813 13.7705
v 12.6773 -31.1784 13.3177
v 15.9241 -14.3095 6.2717
v 17.1910 -14.1466 6.4156
v 18.3170 -12.9781 5.6947
v 18.4193 -14.0081 6.5580
v 19.7732 -13.9948 6.5282
v 10.3948 -15.7699 8.7199
v 10.3877 -14.8395 7.3525
v 12.3375 -15.1289 7.4563
v 12.0126 -16.0384 8.6788
v 13.5906 -16.1118 8.4833
v 21.2549 -28.2793 15.9197
v 20.4583 -16.4501 8.1966
v 20.3609 -15.2245 7.2900
v 2.2770 -17.7954 10.6922
v 4.3024 -17.8845 10.6771
v 14.3096 -11.1040 3.5725
v 16.2384 -11.0637 3.6477
v 16.6780 -11.9966 4.5630
v 4.5608 -23.1456 11.2857
v 18.2244 -11.9481 4.6811
v 18.4807 -11.0461 3.4601
v 1.4657 -21.0437 9.6821
v 0.4029 -21.1016 9.0333
v -1.6509 -19.2413 10.1871
v 0.2380 -19.6651 10.0704
v 0.7366 -18.9158 10.5745
v 0.2451 -17.0473 9.8243
v -1.6734 -17.1391 9.4102
v 0.1907 -17.0885 11.4401
v 8.3360 -19.0068 11.3863
v 6.1295 -18.0897 10.5540
v 7.4306 -18.1466 10.4162
v 8.3171 -17.2529 9.3959
v 11.1224 -28.5577 15.3696
v 12.5667 -27.8996 14.2586
v 13.4558 -30.8892 14.8586
v 4.3604 -16.9402 9.5765
v 2.3468 -16.7985 9.7544
v 6.4011 -17.1178 9.4802
v 13.4927 -27.9847 14.2743
v 8.9288 -26.3924 15.2522
v 9.2306 -18.1821 10.2530
v 11.6850 -18.4267 10.2860
v 12.7116 -18.0632 10.4965
v 13.6622 -32.7767 12.9869
v 23.1488 -24.3725 14.2722
v 23.5717 -24.3958 14.2721
v 13.6926 -18.0884 10.4790
v 5.4716 -23.8900 11.9814
v 5.2273 -22.4270 12.4620
v 8.9671 -23.7505 14.4758
v 4.9937 -21.0992 12.5744
v 5.8185 -24.9857 11.4468
v 4.9850 -19.9763 12.4784
v 6.3323 -18.8591 11.5594
v 10.3256 -23.6159 14.5932
v 9.5306 -20.1466 12.4186
v 20.0321 -23.0639 13.8574
v 20.4585 -20.9986 15.6473
v 20.2892 -21.3618 13.3757
v 23.7070 -19.5922 9.0393
v 24.2856 -21.1947 9.3673
v 21.7303 -20.9251 15.8000
v 21.8486 -23.4323 14.5443
v 12.5306 -27.6181 17.5735
v 18.7482 -28.8415 17.2296
v 19.6628 -28.9115 17.1152
v -3.4453 21.2173 -24.7635
v -5.3487 21.8400 -25.5714
v -3.5982 17.1018 -25.2875
v -4.1374 16.3490 -25.7745
v -5.6974 16.9152 -26.4378
v -4.8931 16.9960 -25.5664
v -7.6327 16.9547 -27.2841
v -7.6245 18.9186 -26.6502
v -2.6279 19.6235 -25.8581
v -3.7560 19.1369 -26.3203
v -3.7649 20.5638 -26.2361
v -5.6526 20.8718 -26.2603
v -5.6450 18.9216 -26.6321
v -7.7111 20.7656 -26.2331
v -11.1924 11.1018 -24.4365
v -9.4721 11.1939 -26.1684
v -10.1470 10.5454 -25.2179
v -9.7587 12.8824 -26.8729
v -11.8582 12.9247 -24.7548
v -11.0763 13.2691 -26.0698
v -4.7584 18.0447 -25.5915
v -3.4455 18.9428 -24.6734
v -7.7128 12.8710 -27.4864
v -7.6878 10.8896 -26.5708
v -9.5410 9.1652 -24.4189
v -2.1715 14.9317 -24.4366
v -2.9412 14.9883 -25.4351
v -2.2441 16.8933 -24.3213
v -11.4205 20.4434 -25.8601
v -12.0567 21.0657 -24.8921
v -9.7226 20.8486 -26.1607
v -9.6563 21.7670 -25.5612
v -9.7041 18.9322 -26.5393
v -7.8118 8.8284 -24.8061
v -12.8325 20.1678 -24.0957
v -13.3796 18.9047 -24.6745
v -7.6925 21.7022 -25.5132
v -5.6195 15.0268 -27.0649
v -5.6498 12.9143 -27.2807
v -7.6684 14.9913 -27.6273
v -11.7157 19.0065 -26.2808
v -11.7140 16.9233 -26.3553
v -13.0611 18.7000 -26.0548
v -13.1734 17.0919 -26.0398
v -7.6940 22.9463 -24.8397
v -9.4088 24.6470 -23.9576
v -9.6690 22.9659 -24.7780
v -9.7075 16.9820 -27.0834
v -9.7156 14.9194 -27.2568
v -11.5257 15.0010 -26.2561
v -4.0111 12.9150 -26.3074
v -5.6841 10.9390 -26.4660
v -3.9348 14.9301 -26.1381
v -3.0540 12.8363 -25.0784
v -12.4724 14.7899 -24.7438
v -13.1562 15.7287 -24.6560
v -13.8248 16.6577 -24.5829
v -12.6928 19.8534 -25.4470
v -2.5005 18.9726 -24.5122
v -2.7035 20.0534 -25.7470
v -2.6018 20.5677 -24.4488
v -18.3038 19.1136 -25.8361
v -11.5950 22.8239 -24.4352
v -12.5694 16.0534 -25.6677
v -15.9544 17.1735 -23.8997
v -17.6359 26.9543 -20.2257
v -10.1231 8.4856 -22.8144
v -11.0751 9.4153 -22.4874
v -10.7941 9.8195 -23.7888
v -11.7289 10.8634 -22.7245
v -12.1746 12.9646 -22.6712
v -14.8093 15.8214 -23.7806
v -15.7127 16.9598 -22.7059
v -13.6899 16.5549 -22.9406
v -12.4349 14.9876 -22.6274
v -12.7277 16.0820 -23.0327
v -13.8598 18.9959 -22.6273
v -13.0018 20.6361 -22.3374
v -12.5744 21.2779 -22.9625
v -12.5262 22.9311 -23.0022
v -11.7864 24.9275 -23.1563
v -11.1653 24.1066 -23.7690
v -2.3526 18.9813 -22.6626
v -2.3269 16.9042 -22.9294
v -2.8116 19.0934 -22.8913
v -2.7694 20.0534 -23.6551
v -2.3794 21.0591 -22.5756
v -15.6842 26.9047 -20.7267
v -15.6270 24.9119 -20.4462
v -12.8799 23.2130 -22.0683
v -13.2450 24.8996 -22.2572
v -16.6136 23.9807 -22.2970
v -16.0565 22.9477 -22.6320
v -13.3544 26.9215 -22.1141
v -12.0347 28.2591 -21.9272
v -13.4253 28.3623 -21.8109
v -11.3206 9.1271 -20.6133
v -12.2098 10.8797 -20.6614
v -12.0783 12.9259 -20.5124
v -12.0296 14.7499 -20.6206
v -14.3885 19.6729 -21.5797
v -13.8790 21.0293 -21.3516
v -15.5974 23.3082 -21.1795
v -13.7858 22.8792 -21.3166
v -14.2226 24.9288 -21.3436
v -14.3628 26.9695 -21.4773
v -7.4129 9.7860 -25.7830
v -5.6184 8.8877 -24.7655
v -6.1032 9.8016 -25.7752
v -4.8360 10.0344 -25.6053
v -3.4075 10.8567 -24.7677
v -4.2265 11.2829 -26.0628
v -2.3678 13.1080 -24.1611
v -3.9891 9.2407 -24.3346
v -6.1050 7.8002 -23.7955
v -7.4535 7.7740 -23.8099
v -5.5465 6.1376 -20.8915
v -5.9812 5.8301 -19.9897
v -7.7598 6.2972 -20.7346
v -6.8197 5.8592 -19.8020
v -1.0953 4.9266 -8.7320
v -1.6168 3.0217 -8.7546
v -1.7916 3.8159 -9.7197
v -1.8740 5.0619 -10.1299
v -1.4587 0.5991 -10.4469
v 0.1519 0.8008 -8.6022
v -0.2082 0.3953 -10.1559
v -1.0776 1.3705 -9.0105
v -4.1527 7.2999 -16.8286
v -3.8511 6.9349 -18.6828
v -2.9734 8.2037 -18.5559
v -3.2844 8.5447 -16.4931
v -2.0403 9.3999 -16.7742
v -1.9395 9.1087 -18.6807
v -0.9646 10.4493 -18.7764
v -1.1199 10.5071 -16.5033
v -0.4903 11.3934 -18.6148
v -0.4504 11.4990 -16.6965
v 0.0012 13.0031 -18.5141
v 0.4586 13.0675 -16.5875
v 6.2386 13.0503 -18.7614
v 4.3611 12.8761 -16.7505
v 4.4405 12.8600 -18.4251
v 5.9414 13.6899 -16.6050
v 1.1256 14.0203 -17.1433
v 0.4176 14.8737 -18.6155
v 2.2671 14.9156 -17.3739
v 2.1459 14.9804 -17.8662
v -2.6418 11.7824 -23.8137
v -9.2299 7.5612 -22.4569
v -7.7059 7.0074 -22.6941
v -5.6530 7.0287 -22.6842
v -4.8694 8.0127 -23.5903
v -3.4177 8.8420 -22.7365
v -6.9405 5.9993 -11.3404
v -7.6844 6.4924 -12.6929
v -5.9046 7.1728 -12.5063
v -5.5183 6.5277 -10.9466
v -3.3840 7.6665 -11.8352
v -3.7666 6.7098 -11.0331
v -3.6307 8.9268 -12.5928
v -5.3256 8.8340 -12.8712
v -8.0642 6.2474 -16.4367
v -5.4969 6.3627 -16.5342
v -7.8438 6.8181 -14.6983
v -5.7496 7.0308 -14.7203
v -4.3772 7.6550 -15.1245
v -3.8279 9.0001 -14.7015
v -1.4752 6.8849 -10.7981
v -2.1195 7.5335 -11.9563
v -2.9302 10.4383 -23.2445
v -2.1218 11.0733 -22.4671
v -1.5459 12.8929 -22.7704
v -9.5178 7.0663 -18.6220
v -9.4973 7.2607 -20.6070
v -8.1364 6.0969 -18.7667
v -7.1853 5.8263 -18.4843
v -5.8783 5.8003 -18.7129
v -1.6950 14.9672 -22.8539
v -1.8561 9.0711 -12.5543
v -1.2037 8.6778 -11.4407
v -5.0290 6.0195 -18.3454
v -3.8585 6.9991 -20.6253
v -10.4608 8.1537 -20.7628
v -10.4917 8.2438 -18.4738
v -11.3452 9.1780 -18.6969
v -0.2211 9.7120 -11.7840
v 0.3172 8.9002 -10.7875
v 0.4208 10.7731 -12.7278
v -1.4252 10.2171 -12.7422
v 1.1699 10.0336 -11.5389
v 2.5383 10.4193 -11.1489
v 2.0945 11.3400 -12.1459
v 3.9457 11.0704 -10.5927
v 4.1794 11.6850 -12.2721
v -4.1704 7.4916 -22.3149
v -5.3300 8.7622 -14.0456
v -2.5660 9.8086 -15.5176
v -1.6699 10.7208 -14.6458
v -4.8523 10.1174 -13.4391
v -4.7694 10.0534 -13.7099
v -3.4922 10.6427 -14.1899
v -3.7566 10.2892 -13.4188
v -0.2011 11.4535 -14.3790
v 0.5179 12.7115 -14.8951
v 2.2778 12.9825 -14.6362
v 2.2540 12.9726 -16.6672
v 4.3480 12.9180 -14.5946
v 6.3630 12.8894 -14.6550
v -0.2146 2.9262 -8.5993
v -0.5859 4.2673 -8.9111
v -2.9842 8.4556 -20.8513
v -2.2244 9.3123 -20.5166
v -1.3434 10.9029 -20.6687
v -1.2902 12.8651 -19.0913
v -1.4680 12.7114 -20.7563
v 1.0326 12.0950 -13.4827
v 2.3859 12.2775 -13.1192
v 4.4551 12.2097 -12.8837
v 2.0731 9.5158 -10.2782
v -2.5358 9.7472 -21.8544
v 3.7054 11.3125 -17.3976
v 2.5681 11.2176 -17.0903
v -1.4419 14.9626 -18.9798
v -7.2161 5.8080 -16.8564
v -6.4032 5.8379 -17.0279
v -9.2573 7.2362 -16.7461
v -2.2170 14.9843 -20.8813
v -2.6054 17.5297 -20.0396
v -3.5954 17.0413 -20.6927
v -2.7849 17.5280 -22.0572
v -16.3522 19.0300 -24.2617
v -16.1252 20.9747 -24.4192
v -16.1906 22.5265 -24.1756
v -17.6781 16.9347 -24.7351
v -18.5812 17.7034 -25.7510
v -18.2220 15.3306 -24.1208
v -15.6901 4.1135 -11.1287
v -13.6857 5.1937 -12.5386
v -17.1066 4.2547 -11.3521
v -17.7998 4.8936 -12.7306
v -15.6589 5.0598 -12.7060
v -11.8189 5.5731 -12.2161
v -9.8831 5.6547 -12.0327
v -19.5849 13.4064 -22.4914
v -7.7340 5.2728 -10.5907
v -8.4360 5.8618 -11.7342
v -9.5850 6.5882 -12.8643
v -17.6220 14.8145 -22.6524
v -16.9270 16.3380 -23.1453
v -19.9738 8.2051 -15.3608
v -21.7891 9.2423 -16.5759
v -19.6655 8.8688 -16.6296
v -17.7236 8.4214 -16.7325
v -18.3360 7.9760 -15.5895
v -17.7108 6.9770 -14.5657
v -17.0411 7.8020 -15.8386
v -14.1704 15.5474 -22.3168
v -15.6011 15.1774 -22.3841
v -9.6862 7.4058 -14.3970
v -15.8236 7.7049 -15.9547
v -15.6632 6.7697 -14.6843
v -13.7363 7.0023 -14.6186
v -15.6305 8.8308 -16.8670
v -13.7010 9.1120 -16.3943
v -13.5528 8.1030 -15.5342
v -11.6844 9.1144 -16.6311
v -11.6593 8.1260 -15.4749
v -9.5485 8.2294 -15.1212
v -10.1059 8.7081 -16.5604
v -27.5173 11.5860 -20.4534
v -27.8878 11.3355 -18.6840
v -25.8501 10.8972 -18.5931
v -25.9025 11.1658 -20.7248
v -23.8674 11.1499 -20.7166
v -23.8475 10.5359 -18.6552
v -21.8405 10.3365 -18.9284
v -21.7754 11.2214 -20.3874
v -19.8747 10.1574 -19.3502
v -19.6756 11.1416 -20.2883
v -17.8943 11.3657 -20.0735
v -17.4361 10.5242 -19.1820
v -17.3694 6.0095 -13.5798
v -12.3363 10.6446 -18.7840
v -15.8081 11.0168 -18.4919
v -17.5340 12.8210 -20.9689
v -15.9544 13.3177 -20.2803
v -15.4640 12.5324 -19.2319
v -13.6415 12.6569 -19.1601
v -13.7739 13.6296 -19.9678
v -12.3078 13.1601 -19.5436
v -16.5694 5.8931 -13.5470
v -15.6144 5.8527 -13.7352
v -15.1097 10.1533 -17.4887
v -13.7731 10.2082 -17.3987
v -13.3656 6.0377 -13.5477
v -11.6807 7.0420 -14.4917
v -11.5484 6.1614 -13.0395
v -12.6109 10.0279 -17.5693
v -13.6427 14.7057 -20.8270
v -29.0345 11.7924 -18.3912
v -17.6941 9.3518 -18.3243
v -19.6052 9.5713 -18.4154
v -18.2860 13.6303 -21.9834
v -13.5232 11.1831 -18.2122
v -19.6177 6.9452 -14.6147
v -16.9019 3.7162 -11.3493
v -25.9049 11.7415 -21.7810
v -19.7490 12.4324 -21.2437
v -21.7019 12.6112 -21.1782
v -20.9984 13.5872 -21.9483
v -16.7694 14.0534 -21.6599
v -15.5426 14.1840 -21.2245
v -21.5995 9.7919 -17.9885
v -29.1028 11.8238 -17.1996
v -23.3324 9.8484 -17.7857
v -16.4222 9.5764 -17.8700
v -24.6058 10.1737 -17.5424
v -23.8376 9.1066 -16.7216
v -1.0934 6.6595 -9.0237
v 0.0280 7.2424 -8.4903
v -0.4160 7.7404 -10.0619
v 0.9106 8.2133 -9.0250
v 2.2600 8.9848 -8.6910
v 4.2541 10.8469 -8.6617
v 5.0181 12.5446 -8.7919
v 4.9633 12.6783 -10.6062
v 5.4226 13.6501 -10.7879
v 5.4593 13.4415 -8.3866
v 6.1384 12.9227 -12.8323
v 0.1597 5.2122 -0.4526
v -0.3512 5.5150 -2.3790
v 1.0097 6.1778 -1.0581
v 0.5042 6.7557 -2.7815
v 2.0886 7.1089 -0.5656
v 1.5927 7.6003 -2.2785
v -0.8461 6.0809 -3.5054
v -0.9420 4.7788 -2.9966
v 2.4614 8.5626 -2.7173
v 2.9501 8.3395 -1.0192
v 3.8405 9.5631 -2.5474
v 4.0150 9.1869 -0.5552
v 4.7842 10.2559 -2.7474
v 5.0242 10.1715 -0.6009
v 5.9736 11.2177 -2.5984
v 6.0263 11.1651 -0.6353
v 7.0134 12.3454 -0.6580
v 6.9927 12.4803 -2.7942
v 7.6019 13.3298 -0.5829
v 7.5368 13.3833 -2.5329
v 3.4985 9.7347 -8.3052
v 7.4112 13.4979 -13.5732
v 7.3917 14.1534 -13.5807
v 5.6865 13.0344 -6.5712
v 4.8287 10.8259 -6.7396
v 5.1943 12.1920 -7.3137
v 0.8280 4.6681 0.7959
v 1.9045 5.1456 1.6680
v 1.3592 5.8534 0.2530
v 2.6415 6.6366 1.1772
v 5.4350 11.5666 -5.9980
v 3.5706 7.4998 1.6162
v 4.3136 8.9491 1.3498
v 5.0972 10.1512 1.1559
v 6.0623 11.1217 1.3571
v 7.0712 12.2149 1.2691
v 7.8111 13.2077 1.3946
v 5.4209 9.7537 3.9094
v 4.7483 8.8867 3.3051
v 6.2181 10.9330 3.3623
v 3.5270 5.1851 3.9109
v 3.1849 6.1057 2.5792
v 3.9339 6.9446 3.4025
v 2.8494 4.8073 2.9644
v 1.0923 8.0444 -4.5871
v 1.1566 8.0144 -6.5459
v 2.3244 8.6497 -6.6468
v 2.2927 8.8161 -4.5795
v -1.4260 4.8331 -6.7661
v -1.0080 6.3642 -6.7180
v 0.1555 7.3027 -6.9186
v 3.8426 9.6528 -4.8199
v 3.8856 9.5190 -6.6030
v 4.8090 10.2730 -4.6068
v 5.7533 11.2858 -4.6038
v 6.4551 12.9212 -4.5860
v 11.5197 15.7853 9.8183
v 10.3315 14.8817 9.3405
v 12.3781 16.2884 9.2900
v -1.8732 4.7103 -4.5032
v -1.5915 6.5937 -4.7269
v 0.1236 7.3773 -4.3731
v 7.3758 11.8607 6.0130
v 6.5883 10.8842 5.3389
v 8.0593 12.9749 5.3758
v 7.2472 12.0034 4.6130
v 6.8101 10.6562 7.2950
v 7.5062 11.6391 7.5175
v 8.3652 12.9294 7.3463
v 9.0495 14.1870 5.2826
v 9.1852 14.0755 7.1964
v 10.2034 15.1259 7.4106
v 11.2415 16.0083 7.1915
v 7.0807 10.3730 9.0801
v 7.7086 11.2234 9.5105
v 8.7065 12.8070 9.3041
v 14.3539 16.9657 9.3486
v 4.2927 4.9231 5.4086
v 4.5838 6.9555 5.3724
v 5.6164 9.3977 5.5551
v 7.1585 12.1122 3.2882
v 7.9690 13.0969 3.3881
v 5.2421 9.9987 2.5197
v 8.2020 10.9652 11.3325
v 8.9761 12.4041 11.0622
v 9.8835 13.3939 11.3370
v 9.4664 13.7308 9.7700
v 10.8036 14.5683 11.2572
v 11.9816 15.4539 11.5587
v 12.8396 16.1273 11.0982
v 5.8308 -4.4267 -0.7159
v 6.1398 -5.0130 -2.7183
v 6.1080 -7.3775 -1.2478
v 6.4655 -6.5385 -1.9447
v 5.1087 -5.6034 -0.7674
v 8.0088 -6.5853 -1.8507
v 8.5045 -7.5031 -0.9175
v 4.3204 -8.6321 -0.1563
v 2.9236 -8.3025 0.1283
v 2.9054 -7.4486 -0.0321
v 8.8736 -4.6247 -1.0221
v 7.9742 -5.0414 -2.1914
v 2.2865 -9.2676 1.0527
v 4.2609 -9.6507 1.0253
v 6.3927 -9.4244 1.2387
v 6.3432 -8.3728 -0.2723
v 2.1155 -7.2805 1.0324
v 8.3478 -9.1530 1.3151
v 7.9212 -8.2236 -0.0284
v 4.3654 -7.1713 -0.6797
v 10.3159 -8.2174 0.2827
v 10.3079 -9.2668 1.2081
v 10.2585 -7.0779 -0.4997
v 12.3043 -6.9556 -0.2833
v 12.2775 -9.1433 1.4595
v 12.6319 -7.8487 0.5896
v 10.1962 -5.1779 -0.5123
v 14.3476 -6.8017 -0.6126
v 14.4325 -7.8019 0.7324
v 5.8048 -3.5375 -4.6123
v 4.5332 -2.8446 -4.6555
v 4.0913 -2.6953 -6.3168
v 4.4818 -10.3972 1.9399
v 2.3911 -14.6453 7.5857
v 0.3004 -14.7369 7.7351
v 1.5879 -14.0884 6.9362
v 0.3169 -13.9175 6.7282
v 14.3125 -8.8916 1.7425
v -0.8397 -12.2804 4.0530
v -1.6924 -11.1138 3.3161
v -0.2974 -12.2894 3.9638
v 0.4238 -11.6719 3.2217
v 7.0793 -12.3371 3.8432
v 6.3811 -11.4224 3.2698
v 8.2099 -11.1143 3.4246
v -1.4929 -10.4907 2.0326
v -1.7584 -9.1999 1.7220
v 0.3466 -9.1122 1.5116
v 0.2604 -10.7913 1.9286
v 2.0579 -10.4418 2.0926
v 5.9301 -10.5778 1.9439
v 12.3133 -13.1941 5.2930
v 13.0248 -14.3821 6.1837
v 7.7597 -12.5462 4.1118
v -2.9194 -10.1924 2.2030
v -3.6277 -9.0518 1.3240
v 11.0024 -10.3104 2.1705
v 11.8354 -10.3637 2.2036
v 16.4264 -9.7734 2.6775
v 17.9753 -9.9168 2.6357
v 0.3527 -12.9620 5.4042
v -1.5912 -13.3131 7.3621
v -1.1866 -12.7116 5.5662
v 2.3393 -13.2134 5.3898
v 2.7229 -14.2914 6.2646
v 4.2413 -13.0858 5.7278
v 3.5306 -14.3040 6.2896
v 4.2980 -15.0714 7.4013
v 4.7881 -13.9268 6.5169
v 6.4302 -12.8656 5.5225
v 6.3642 -13.8301 6.7317
v 8.2143 -14.0038 6.6686
v 8.4412 -13.2514 5.2700
v 10.4591 -14.0629 6.5108
v 10.2419 -13.2440 5.5594
v 10.0530 -14.3408 6.1378
v 11.7220 -14.0570 6.5450
v -1.7933 -15.1494 9.5001
v -1.7380 -15.0843 7.7035
v 0.4078 -15.7807 8.7414
v 2.3066 -15.7548 8.6880
v 4.4568 -15.8115 8.6231
v 6.3109 -15.1806 7.6541
v 5.8753 -15.9430 8.6753
v 8.3388 -15.0608 7.7131
v 8.9734 -16.0009 8.4786
v -1.7278 -11.2168 5.3320
v 0.8306 -12.1466 4.4163
v 2.5916 -12.0762 4.5253
v 2.3320 -11.1853 3.3507
v 4.2993 -11.1134 3.3549
v 4.3509 -11.9460 4.6405
v 5.9125 -12.0733 4.5694
v 8.8232 -12.0460 4.4603
v 10.3798 -10.9757 3.3696
v 10.3107 -12.0421 4.5594
v 12.0625 -12.1247 4.4682
v 12.4130 -11.2697 3.3347
v 12.6578 -12.3453 4.1427
v 13.8151 -11.9917 4.5109
v -3.0078 -9.3042 2.8424
v -2.8449 -10.3094 2.8363
v 8.4221 -10.1166 2.4864
v 9.7909 -10.1285 2.4722
v 13.0628 -10.1466 2.4344
v 14.4158 -9.9373 2.5627
v 16.3478 -8.7269 1.7070
v 16.3284 -5.2231 -0.7713
v 16.2561 -4.8843 -2.4804
v 14.6204 -5.0782 -2.5994
v 14.2934 -5.4140 -0.7383
v 18.3365 -4.9711 -0.6569
v 18.2853 -4.9578 -2.6211
v 18.3822 -3.5917 -2.8188
v 20.3484 -3.1188 -2.6305
v 20.2589 -4.6647 -0.5274
v 20.7381 -3.8664 -1.3450
v 22.4753 -3.3960 -0.9065
v 22.0278 -2.5222 -2.1836
v 22.5597 -1.3259 -2.9436
v 21.2306 -1.9466 -3.5684
v 24.1349 -2.7224 -0.2989
v 24.6627 -1.3707 -1.0908
v 23.9405 -0.7898 -2.2012
v 25.2113 0.1743 -1.4849
v 24.4410 0.8693 -2.8071
v 26.5047 0.8785 -0.7463
v 26.4359 1.0046 -2.5197
v 23.1742 0.0747 -3.4950
v 26.4152 -0.9867 -0.4962
v 26.7688 2.8717 -0.8347
v 26.3901 2.9399 -2.4370
v 26.7488 4.9545 -0.9500
v 26.4574 4.9171 -2.4310
v 26.3124 6.9248 -2.4536
v 26.7278 7.0235 -0.9514
v 27.6958 4.9505 -0.4153
v 27.7367 3.0156 -0.4353
v 26.2666 8.8649 -1.1219
v 25.9606 8.9105 -2.5816
v 27.5131 6.4344 -0.4382
v 24.4396 9.0094 -2.7373
v 25.2567 9.8534 -1.5758
v 24.9498 11.1494 -1.4676
v 24.4241 11.0004 -2.6244
v 22.9673 11.2917 -3.2952
v 21.9628 -6.4523 6.6204
v 22.3880 -5.5395 7.3682
v 23.0949 -5.5990 5.6146
v 22.1830 -7.0647 5.3956
v 14.3367 -5.5109 1.3993
v 12.3636 -5.2568 1.4243
v 12.3351 -5.6639 -0.2530
v 16.4424 -3.7092 -3.0647
v 14.9305 -3.9662 -3.4486
v 16.2396 -5.8608 1.3118
v 18.3762 -5.8304 1.2353
v 20.3838 -5.4999 1.3213
v 22.3603 -4.9834 1.3041
v 21.9886 -4.3574 0.0007
v 24.4775 -3.4261 1.2170
v 26.5324 -1.1335 1.2867
v 27.0597 0.5845 0.8150
v 25.7329 10.5121 -1.2947
v 28.1494 2.8058 1.0625
v 27.9884 4.5663 0.6591
v 23.6639 -4.4570 1.6171
v 24.8713 2.7989 -3.1465
v 24.9173 5.0183 -2.9928
v 28.1426 1.0026 1.4661
v 14.7588 -3.6434 -4.6258
v 16.3467 -3.4847 -4.7514
v 18.3024 -2.9960 -4.5505
v 19.8716 -2.3744 -4.2995
v 20.6969 -1.5960 -4.7764
v 21.9680 -0.7450 -4.4893
v 22.8543 0.6677 -4.7153
v 24.3636 1.1384 -4.8520
v 24.4063 4.9414 -4.8494
v 23.9971 5.0004 -6.4333
v 24.3370 2.8783 -4.8549
v 23.9381 3.0324 -6.2168
v 24.3487 6.9861 -4.8281
v 24.6822 6.9839 -2.8554
v 24.3265 8.9938 -4.7623
v 22.8223 11.0196 -4.4810
v 23.2202 9.6987 -4.1969
v 20.3818 -5.9229 2.8809
v 20.2884 -6.2797 3.7927
v 22.1870 -6.4451 3.9277
v 22.5225 -5.7370 3.0314
v 27.7718 -3.1248 4.9168
v 26.5061 -3.5389 5.2850
v 26.5716 -4.7856 5.8577
v 18.5127 -6.1927 2.9937
v 24.0453 -4.7319 3.4953
v 26.1554 -2.9943 3.4174
v 24.9059 -3.8640 2.8431
v 28.1256 -1.1209 3.2477
v 26.9831 -1.6636 2.8988
v 18.1421 -6.3989 1.9216
v 27.9374 -0.9507 1.4472
v 24.3648 -4.9305 7.3649
v 24.2588 -4.8426 5.2685
v 26.1443 -5.0904 7.1782
v 20.3631 -5.4588 9.3786
v 20.2924 -5.7747 7.3635
v 18.2794 -5.2459 9.5057
v 22.3100 -5.3530 9.3943
v 18.3241 -5.6189 7.3215
v 25.4261 -5.8021 8.5358
v 24.3300 -5.3691 9.3238
v 27.9076 -3.0373 3.3260
v 19.3648 -6.1466 2.2530
v 28.4836 0.4651 2.6457
v 23.6765 -5.6284 10.8386
v 22.3920 -5.2081 11.3471
v 22.0634 12.3185 -9.4353
v 21.9842 12.7172 -10.5639
v 22.1628 10.8962 -10.5340
v 22.6022 10.9520 -8.9202
v 20.7464 13.1226 -10.7945
v 22.6079 8.8862 -8.8627
v 21.9640 9.4221 -10.0713
v 25.9843 3.0108 -4.4338
v 25.9585 4.8972 -4.4522
v 25.7768 6.9515 -4.4776
v 11.5306 19.9842 -17.7470
v 12.2142 18.9221 -18.2214
v 10.3827 20.0248 -17.8292
v 13.5213 18.3731 -17.8026
v 26.1724 -1.0749 -2.6913
v 27.4715 -0.3887 0.1469
v 27.6355 1.0705 -0.2036
v 21.6429 12.7747 -12.1734
v 20.3421 12.9174 -12.7159
v 20.3002 14.7625 -10.9508
v 20.0321 14.8545 -12.6222
v 18.7535 16.9845 -11.3646
v 18.3576 16.9651 -12.7062
v 18.5953 15.0148 -12.7943
v 19.0498 15.4640 -11.3148
v 19.6678 16.4302 -11.2780
v 19.5621 16.4398 -12.3009
v 18.1472 18.3386 -12.5947
v 18.4306 18.0534 -11.6508
v 21.5849 11.5467 -11.9149
v 22.4326 13.1789 -2.7317
v 21.2067 13.8091 -2.8626
v 20.9676 14.5201 -2.6025
v 22.0888 14.3514 -2.4316
v 25.6261 10.5129 -2.1763
v 23.9402 12.6954 -2.4944
v 23.0084 13.6312 -1.6016
v 24.1369 12.5806 -1.5469
v 22.5306 14.0534 -1.6194
v 13.5973 19.9685 -16.0637
v 16.2929 16.9490 -16.4473
v 18.1364 16.8275 -14.5602
v 17.4675 16.2871 -15.8314
v 15.7638 18.4488 -16.1169
v 19.9295 13.2258 -14.2105
v 19.7195 14.4043 -14.2809
v 18.3247 14.8920 -14.6652
v 17.6045 18.2418 -14.0028
v 25.9348 0.9597 -4.2677
v 25.5223 8.4818 -4.2078
v 23.7090 9.0223 -8.1948
v 23.6505 10.8209 -8.3706
v 21.0385 11.0665 -10.8147
v 23.3507 5.8534 -7.7470
v 22.9852 5.4621 -7.8679
v 23.4992 7.1424 -7.8748
v 24.2093 6.8502 -6.5107
v 24.5216 8.9312 -6.6831
v 23.9969 10.9751 -6.6316
v 24.2400 10.8289 -4.6802
v 23.6416 12.2974 -4.5137
v 23.4973 12.0153 -5.7341
v 22.6763 12.6110 -4.2775
v 10.3445 19.0730 -18.6595
v 27.5836 -2.6115 1.9013
v 2.6726 -13.2774 14.9064
v 3.8736 -13.2063 15.3449
v 2.8953 -11.2370 14.9319
v 4.2350 -14.6437 15.7762
v 2.4903 -15.1467 15.3539
v 1.8003 -9.1542 13.5717
v 1.0528 -6.9491 12.7990
v 1.1795 -8.9660 12.5964
v 1.6691 -7.1490 13.7627
v 0.9014 -4.9680 13.0609
v 1.4911 -5.1613 14.0337
v 1.0402 -13.3162 12.7198
v 1.7649 -13.1694 13.7131
v 1.8738 -11.2272 13.5792
v 1.1546 -11.4080 12.5721
v 1.6575 -15.2193 13.6214
v 1.1065 -15.1559 12.6332
v 3.4935 -11.2608 15.9434
v 3.4491 -9.3702 16.0342
v 2.8174 -9.0812 15.0989
v 0.4491 -3.0485 13.3022
v -1.0758 -11.4240 7.0781
v -0.9109 -9.3788 6.6841
v -1.5677 -9.1546 5.3256
v -0.7938 -6.8096 7.2131
v -1.1313 -7.0734 5.3139
v -1.1429 -5.0429 7.3515
v -1.3019 -5.0314 5.3448
v -1.1919 -13.5865 9.0979
v -0.7566 -12.1466 8.4183
v -0.1259 -11.2720 9.3146
v -0.3541 -10.9705 7.9071
v -0.1636 -9.1295 9.3287
v -0.3893 -9.1352 7.6588
v -0.8157 -4.8614 9.0061
v -0.7783 -6.4122 8.6804
v -0.4476 -7.1500 9.4822
v -0.5603 -7.5817 7.7106
v -1.7026 -5.1629 3.1673
v -1.7435 -7.1158 3.0972
v 3.5422 -7.3206 17.7064
v 2.7751 -5.0391 17.3281
v 3.1051 -6.7748 16.9188
v 0.1359 -15.2252 11.4271
v -1.1786 -15.8638 10.6245
v 0.2159 -13.2509 11.3069
v -0.3656 -12.8558 9.5223
v 0.4964 -11.2657 11.4270
v 0.5223 -9.1264 11.3757
v 0.3259 -7.0442 11.3791
v 0.0313 -5.0670 11.3803
v -0.5522 -5.3162 9.8979
v 1.6188 -16.9017 13.8387
v 2.1199 -17.3120 15.3998
v -1.0888 -3.0206 9.3416
v -0.3410 -3.2385 11.6129
v -0.8786 -2.5931 10.8381
v 3.9027 -9.1413 17.3518
v 2.4985 -7.0896 15.3621
v 2.0942 -5.0259 15.3458
v 1.3309 -3.9466 14.2530
v 1.6231 -3.3228 15.6245
v 1.0642 -2.6332 14.9523
v 4.4389 -11.2900 19.3424
v 4.7560 -12.9830 19.3346
v 4.3566 -9.1029 19.3021
v 3.8463 -7.0831 19.3395
v 3.4654 -5.5236 19.5263
v 2.7942 -15.3363 17.2204
v 2.6902 -17.2633 17.4886
v 4.4520 -13.2112 17.3342
v 4.3522 -15.0791 17.2979
v 4.0344 -11.2284 17.3520
v 5.7371 -13.7667 19.0612
v 5.4272 -13.8896 17.9601
v 2.0628 -3.0705 17.3299
v 3.3118 -5.9466 18.2530
v -17.7497 -17.1634 13.3590
v -15.7544 -17.5021 13.4757
v -15.5448 -18.5874 13.7944
v -16.7694 -18.1823 14.0530
v -10.8437 -20.3376 12.2087
v -10.8720 -19.9151 12.1084
v -9.6950 -20.9950 11.3456
v -9.7316 -19.3387 11.4203
v 2.4847 -24.8026 11.3829
v 0.2168 -24.4420 10.7959
v -6.4694 -23.1466 6.3464
v -5.7318 -23.0980 7.1656
v -6.7694 -23.1466 6.3625
v -7.0617 -22.9858 7.3697
v -7.7468 -21.2453 9.0822
v -7.7875 -21.2907 8.0053
v -7.2372 -22.5901 9.3859
v -5.7651 -23.2347 9.3283
v -3.6625 -23.5231 9.3865
v -3.5498 -23.0397 7.3174
v -9.2769 -20.9237 9.4743
v -8.8803 -20.5495 8.1579
v -1.6413 -23.2552 7.3990
v -2.2400 -23.7851 6.1644
v -1.8797 -24.3836 7.3844
v -2.7694 -23.3466 6.3267
v -2.0360 -24.3250 6.2647
v 2.8865 -25.0705 9.4521
v 3.4306 -25.5466 8.3408
v 4.1786 -25.3205 9.4013
v -2.0842 -23.8933 9.4897
v -1.3682 -24.2719 9.2138
v 0.4910 -23.2796 9.2618
v -0.6180 -23.6216 8.2777
v -8.1031 -21.9053 11.4574
v -7.1440 -22.3969 11.2602
v -5.7228 -22.8812 11.3595
v -3.6971 -23.2512 11.3475
v 4.3138 -25.5738 11.3685
v -1.6964 -23.7195 11.3732
v -0.9676 -24.3254 10.6275
v 0.2737 -24.4121 9.7481
v 2.4496 -23.8000 10.0820
v -19.5446 -16.6781 13.3717
v -13.6012 -19.1835 13.7067
v -11.7338 -19.4971 13.0705
v -11.3339 -20.4938 13.5543
v -9.7025 -21.1825 13.3711
v -23.5997 -14.6418 11.4228
v -21.8802 -15.0797 11.6298
v -8.3036 -22.0574 15.1189
v -7.9436 -21.8856 13.3167
v -7.3935 -22.4579 15.4502
v -6.9471 -22.2599 13.4771
v -5.6996 -22.5930 13.3144
v -5.6887 -22.8144 15.3307
v -3.6668 -22.9035 15.3869
v -3.6477 -22.9452 13.3525
v -1.6765 -23.0994 15.3439
v -1.6582 -23.3775 13.3497
v 0.3298 -23.4115 15.3430
v 0.3080 -23.8623 13.3715
v -3.7353 -22.9124 17.4466
v -1.6948 -22.9838 17.4046
v 15.4973 -4.0865 7.8197
v 16.3820 -4.8813 7.4095
v 14.2334 -3.4838 7.4204
v 14.4516 -0.8890 13.2076
v 16.1899 -1.4720 13.7983
v 16.4099 -2.5199 12.8546
v 13.7966 0.3375 13.9417
v 12.3426 0.9468 13.2737
v 13.0368 -0.3023 12.6099
v 17.7615 -1.9048 14.0452
v 18.4176 -2.9610 13.2685
v 14.9969 7.1794 18.6320
v 14.6856 3.3398 16.6795
v 14.3252 4.9290 17.3241
v 19.0066 -2.4370 14.7578
v 18.3422 -1.1559 15.4028
v 13.4306 -4.0783 4.1530
v 14.3397 -4.9250 3.3460
v 12.1482 -3.6062 3.9227
v 12.4280 -4.5535 3.0284
v 16.2338 -5.6254 3.3818
v 17.0368 -6.1754 2.6021
v 18.0760 -6.0036 3.8395
v 16.5303 -4.6060 9.0978
v 16.1559 -3.9858 10.0324
v 16.3307 -7.5816 0.9207
v 20.2313 -4.9248 11.3524
v 18.7114 -4.4235 10.9755
v 18.0591 -3.7252 11.6646
v 15.7000 4.5291 17.9487
v 18.2984 -5.7422 5.3853
v 16.3029 -5.1203 5.3383
v 20.2582 -6.2308 6.4899
v 20.5322 -6.4088 5.3560
v 19.6865 -6.0448 5.7617
v 15.1347 -4.2088 6.9571
v 14.7347 -4.4110 5.2137
v 13.8120 -3.8210 5.5639
v 12.7114 -2.5006 7.2672
v 12.3514 -2.9791 5.3380
v 11.6981 -1.7650 7.4912
v 11.4410 -1.9343 6.1018
v 17.7588 -6.5522 8.8161
v 17.5890 -6.3192 8.2455
v 17.0999 -6.2903 8.2262
v 17.1260 -6.2775 8.5589
v 15.2216 -4.1619 8.6030
v 14.3013 -3.1309 9.3465
v 13.0147 -2.2226 9.0953
v 12.0595 -1.4890 9.4321
v 17.5794 0.1069 16.1634
v 16.5308 -0.5922 14.8868
v 16.1713 0.6728 15.7889
v 16.3030 -3.4246 11.4113
v 16.4594 -4.1466 10.4530
v 17.4306 -4.1081 10.2530
v 14.5258 -2.7105 11.1761
v 13.8416 -1.5975 11.8748
v 12.4898 -0.8976 11.2608
v 14.4893 1.0844 15.0637
v 15.1845 -0.2304 14.4694
v 15.0861 -2.2497 12.5259
v 20.0837 -3.7447 13.7030
v 19.4306 -4.1030 12.2530
v 20.6872 -4.3295 13.0212
v 22.0547 -5.1377 13.3597
v 14.0643 6.8108 17.9328
v 15.4011 2.0247 16.2707
v 14.0617 2.6141 15.9155
v 21.4775 -12.2930 -1.8899
v 20.8849 -13.2402 -0.3922
v 20.8368 -12.3851 -2.0802
v 14.6306 -6.1466 -1.6787
v 18.8125 -10.5704 -1.9647
v 18.3877 -10.8739 -0.7265
v 18.4501 -9.1385 -0.6691
v 19.0549 -9.3120 -2.6112
v 20.2594 -11.5904 -0.6508
v 20.1834 -11.3360 -2.6872
v 16.3766 -6.8168 -0.5685
v 18.0246 -7.3525 -0.8864
v 18.8203 -6.9297 -2.0565
v 19.4004 -8.2521 -2.2860
v 19.5596 -7.1141 -2.9153
v 21.9974 -11.1527 -2.5320
v 20.4953 -5.1888 -7.3869
v 22.0024 -3.0387 -6.3283
v 20.3121 -2.8225 -7.0604
v 18.2081 -9.3470 1.3286
v 21.9083 -15.1683 -0.4283
v 20.3200 -11.2612 -4.6588
v 20.5857 -9.1123 -5.1888
v 21.4965 -10.5670 -3.9491
v 16.5032 -4.2042 -4.2364
v 14.7859 -4.3780 -3.9883
v 20.0197 -8.6923 -6.4470
v 19.8431 -11.1364 -5.9422
v 19.1848 -10.9642 -5.9003
v 19.1991 -9.7788 -5.8170
v 18.3079 -4.8726 -5.0359
v 19.2131 -10.7456 -4.9563
v 19.2015 -9.2135 -4.5852
v 17.3047 -5.4466 -5.7470
v 18.2200 -5.1338 -6.7153
v 19.5945 -6.8479 -4.6528
v 18.5835 -6.7562 -6.7082
v 19.2379 -7.6587 -4.4788
v 18.4725 -3.1856 -6.5524
v 16.9465 -3.3898 -5.8696
v 20.1306 -8.1466 -7.7066
v 20.6456 -1.7031 -6.1473
v 18.9618 -6.8338 -7.8539
v 22.2999 -1.0877 -6.1238
v 19.8039 -4.8362 -7.7892
v 19.2387 -4.3782 -7.7416
v 19.2493 -3.7241 -7.7403
v 19.7383 -3.4995 -7.7897
v 22.9528 0.8060 -6.0461
v 19.5826 -5.5706 -3.0673
v 19.6315 -5.2065 -4.5568
v -27.5537 -0.4414 -15.9513
v -25.8531 -0.6576 -16.1089
v -27.9257 0.9102 -16.5296
v -23.9130 -0.6295 -16.0542
v -22.2561 -0.4332 -15.8857
v -21.8315 0.9533 -16.1460
v -20.8073 0.7611 -15.6106
v -25.6731 7.2980 -14.9705
v -26.0527 6.3980 -16.1107
v -27.0047 7.5541 -15.5705
v -27.7794 7.1039 -16.8304
v -23.8148 6.7271 -14.5506
v -24.6359 6.0414 -15.8002
v -17.4866 3.0252 -12.7921
v -23.9068 4.9053 -16.3307
v -23.3077 5.7303 -15.5101
v -16.4851 2.4569 -11.9621
v -21.8557 2.9532 -16.1573
v -20.7694 2.9534 -15.6298
v -19.6774 0.9136 -14.8828
v -19.6863 2.9981 -14.9336
v -22.1367 4.4918 -15.9435
v -21.5978 5.3174 -15.3535
v -19.7174 4.9503 -14.5829
v -18.5759 -0.3654 -13.8162
v -18.3185 1.0183 -13.9423
v -21.6773 8.3114 -15.2811
v -23.8243 8.3203 -14.6364
v -18.4179 2.7925 -13.9540
v -18.6381 4.7811 -13.7350
v -22.7176 7.1083 -13.5474
v -21.9390 6.9263 -14.5825
v -23.7380 7.4595 -13.4202
v -18.9402 5.2251 -13.4053
v -24.9410 7.7769 -13.4198
v -24.9332 8.0243 -13.5470
v -25.5930 8.4532 -15.1951
v -24.4833 7.9953 -13.5303
v -25.8694 2.9534 -17.0971
v -25.8565 0.8694 -16.8363
v -27.9359 2.9407 -16.9818
v -27.9150 4.9596 -16.9784
v -25.8011 5.0286 -16.8196
v -23.8304 2.9728 -16.8435
v -23.8554 0.9055 -16.7033
v -9.4869 -18.0440 13.2207
v -9.7751 -18.0661 15.1453
v -8.4525 -18.1391 14.5581
v -7.6135 -18.0114 13.1207
v -11.8083 -18.0306 13.7608
v -11.6950 -17.9723 14.9835
v -9.4700 -18.3815 15.9359
v -7.3113 -19.1251 15.4463
v -13.6780 -17.4133 15.3628
v -13.8274 -17.7873 13.7526
v -15.3264 -16.5468 15.2092
v -15.7664 -15.3531 17.9557
v -17.5939 -15.5446 15.2463
v -16.2807 -16.0401 15.3840
v -13.6472 -17.2206 17.3721
v -9.7530 -19.0969 17.4645
v -20.0416 -15.4803 15.4881
v -22.6494 -14.0967 10.9230
v -23.9964 -13.6758 11.1837
v -17.6366 -11.2803 19.2614
v -24.0943 -13.3127 10.0639
v -25.5814 -12.5804 10.0793
v -26.2760 -11.5584 9.3980
v -12.4779 -17.9719 21.1955
v -8.4283 -20.1192 21.1452
v -16.3886 -13.4257 21.3606
v -27.3368 -11.9112 10.5951
v -26.2473 -12.1119 10.4496
v -14.2805 -15.9001 17.8855
v -25.3584 -13.0788 10.7963
v -19.7979 -15.8355 13.4246
v -23.3427 -14.8595 12.8362
v -12.2889 -17.8263 19.2292
v -9.6817 -19.4037 19.3619
v -13.3829 -16.8536 19.4267
v -14.3804 -15.8966 19.2503
v -15.3231 -14.9315 19.3430
v -16.3542 -13.4966 19.3965
v -18.9294 -14.0666 18.3363
v -17.3033 -13.6546 18.2786
v -12.0110 -17.7239 17.4304
v -16.3838 -13.8800 18.2129
v -27.1273 -12.3334 10.6157
v 6.3244 -2.7347 1.1688
v 6.0918 -3.4154 -0.6900
v 4.4421 -2.8919 -0.6510
v 4.1630 -3.6425 1.1041
v 8.3004 -3.3452 1.3814
v 7.9647 -3.8304 -0.5155
v 4.2475 -1.2949 1.4593
v 3.8378 -1.8179 -0.5091
v 10.5527 -4.4996 1.2337
v 9.2306 -4.1466 0.3949
v 11.0442 -2.3092 4.7878
v 10.1999 -1.3491 5.4490
v 8.3855 -0.7353 5.2705
v 6.2471 0.8567 5.4338
v 7.7595 0.2490 5.9826
v 9.5037 0.0380 7.9697
v 10.3679 -0.8504 7.2606
v 8.2175 0.7924 7.4324
v 9.7645 -3.8793 1.7302
v 10.4216 0.9888 11.3413
v 9.1080 1.7193 10.5576
v 8.5526 3.0730 11.1987
v 9.6435 2.3845 11.9101
v 5.6618 0.1881 3.9413
v 6.3537 -1.0262 3.2703
v 4.3446 0.8643 3.3881
v 10.3276 -3.0638 3.3538
v 11.0513 -4.3680 2.7836
v 8.3908 -2.4929 2.7976
v 8.2633 -1.5570 3.7457
v 9.6770 -1.8690 4.0633
v 11.1475 -0.1840 10.6004
v 5.0147 1.5065 4.8983
v 4.5507 2.9611 5.3074
v 5.6177 2.3956 6.1676
v 6.9197 1.5501 6.8489
v 6.2991 2.9210 7.3206
v 7.4134 2.0836 8.1718
v 5.6423 -1.9096 2.1269
v 7.7945 2.6841 9.5646
v 7.0312 3.4246 8.9076
v 6.6187 4.9300 9.3418
v 9.0288 -0.3179 6.6089
v 7.0217 -2.3368 2.6146
v 4.9945 -0.5444 2.6339
v 10.7828 -0.4625 9.2409
v 9.8548 0.3565 9.5587
v 8.6811 1.2910 9.2281
v 6.9723 -0.3723 4.7400
v 5.2512 3.8534 6.4530
v 5.1161 5.0355 6.6828
v 5.1400 6.8393 6.7207
v 5.0487 8.4992 5.2134
v 5.2842 8.0534 6.4530
v 5.8895 8.9569 7.3374
v 5.7574 4.8351 7.6584
v 3.6186 2.6961 3.9882
v 7.3340 4.0534 10.2530
v 7.8688 4.7707 11.6901
v 5.5960 7.0515 7.6503
v 16.3576 15.1887 -16.0631
v 23.2481 2.9999 -6.4894
v 23.0360 4.9170 -7.0171
v 24.7622 -3.2172 -2.9953
v 25.6776 -2.7104 -2.3492
v 20.8015 11.5221 -12.1737
v 24.4953 -1.2891 -4.9047
v 23.9156 -2.8354 -4.2078
v 22.9300 -3.1502 -5.1338
v 10.5088 13.3341 -15.9943
v 12.3741 13.3225 -16.3637
v 13.7308 13.6864 -16.1585
v 13.8076 13.7958 -15.5339
v 19.0447 13.5039 -13.1638
v 18.7447 13.4850 -14.6946
v 16.3568 14.9464 -14.8204
v 17.9284 14.6130 -15.9507
v 18.2123 13.8583 -15.7544
v 23.6948 -0.7900 -5.9766
v 23.8964 0.9896 -6.1291
v 25.6258 -0.9035 -4.0130
v 22.7252 7.0891 -8.3947
v 23.4455 -4.3549 -3.8583
v -6.9694 -18.3040 13.6530
v -5.3979 -19.0017 13.4098
v -5.6586 -19.8532 14.8587
v -7.9169 -19.8245 17.5128
v -6.2421 -18.1181 12.5861
v -10.2701 -18.7914 12.5636
v -7.4795 -17.8243 11.1251
v -5.5245 -17.6949 11.1850
v -5.6629 -17.1909 9.2654
v -7.2198 -17.6614 9.2833
v -8.7694 -18.1466 12.3183
v -5.0122 -18.9405 11.2743
v -8.2813 -18.5002 10.9218
v -3.4975 -15.6216 9.0721
v -5.3985 -16.0136 8.7334
v -3.7155 -17.0098 9.4656
v -1.7418 -20.5690 17.2156
v 0.1925 -19.1143 17.3165
v -0.4665 -20.3801 16.7110
v -3.6985 -20.5592 15.6470
v -1.5409 -19.4906 15.0800
v -3.5550 -19.8930 14.7305
v -1.8194 -20.4664 15.9477
v -1.0454 -20.0092 18.0284
v -3.6153 -17.4887 11.1907
v -4.0628 -19.1886 10.9844
v -5.5666 -15.7010 7.3558
v -5.8906 -16.6559 7.9484
v -5.6145 -20.4888 15.7319
v 0.1457 -18.9603 15.6244
v -7.8383 -19.2651 9.2001
v -9.2693 -19.5235 9.4154
v -3.6653 -18.9955 13.3499
v -1.8434 -18.6088 13.5297
v -1.7389 -17.1198 11.4647
v -1.1997 -17.9442 12.8021
v -0.6031 -18.2709 14.1030
v 0.3344 -17.3543 13.2977
v -8.3039 -20.0361 19.2891
v -3.6712 -20.5831 19.3783
v -2.3782 -20.2974 19.3596
v -1.3468 -19.8675 19.3345
v 0.2994 -18.9467 19.3742
v 1.4482 -18.3199 19.3644
v 2.4195 -17.4292 19.3569
v -5.7188 -20.6514 17.3496
v -3.6525 -20.7345 17.3832
v -0.4709 -20.2844 16.2644
v 2.1425 -18.7135 17.2409
v 9.7871 4.6554 13.8877
v 10.4049 3.0064 13.2734
v 8.7780 5.0851 12.9930
v 11.0061 1.5659 12.6555
v 10.6610 5.0588 14.9817
v 12.0617 4.7266 15.8728
v 12.4751 3.0317 15.1239
v 13.0757 1.6800 14.5621
v 12.8426 5.3863 16.6703
v 12.4029 7.0153 16.9788
v 11.6940 0.2494 11.9202
v 11.7689 2.4427 14.1191
v 7.0841 5.3414 10.7995
v 7.0035 6.9858 11.0107
v 7.5515 6.8681 11.9784
v 7.5844 9.1418 11.7490
v 7.0874 8.7307 10.8551
v 8.5422 6.9578 13.3515
v 9.8203 11.1470 13.8559
v 8.5208 8.9551 13.3566
v 8.8926 10.6303 13.0186
v 6.3293 6.9547 9.3711
v 6.6006 8.9862 9.3476
v 11.5140 6.3736 16.2292
v 10.2857 6.9178 15.3469
v 13.8410 9.0128 18.0715
v 12.3455 8.9694 17.0956
v 11.1320 3.7204 14.5517
v 9.1636 3.7020 12.5220
v 9.3837 6.2475 14.2711
v 10.3067 8.9483 15.3752
v 9.4028 9.7201 14.2931
v 10.6381 10.7875 15.0858
v 13.4306 4.0534 16.3766
v 11.4022 9.6934 16.3020
v 11.8398 11.2445 15.9229
v 12.6308 10.7832 16.8207
v 20.8374 -15.0730 1.4047
v 20.8660 -15.2748 -0.6114
v 20.3698 -13.2164 1.3814
v 20.1244 -11.0859 1.3881
v 19.0597 -10.3214 0.8699
v 24.8217 -21.2009 7.7478
v 24.4585 -19.0559 7.8401
v 21.2191 -14.5945 2.9202
v 20.5149 -13.2229 3.3174
v 22.2539 -15.3255 3.2865
v 25.1345 -22.4799 10.6044
v 19.5205 -10.1288 1.7380
v 21.9582 -15.7266 6.9114
v 22.5791 -16.9645 7.6667
v 25.1451 -23.0744 7.6878
v 23.2388 -18.4005 8.2278
v 20.2766 -13.3521 5.3550
v 21.1277 -14.3590 5.9934
v 22.2845 -15.2644 5.3492
v 23.1066 -16.9540 5.3623
v 19.3495 -12.1466 4.4530
v 19.6925 -11.7052 2.9830
v 25.0218 -22.8317 9.2377
v 25.7088 -20.3012 12.5265
v -12.5359 -0.1993 1.2253
v -12.2625 -0.3694 -0.9383
v -11.5797 0.4624 1.3123
v -11.4607 0.4652 -0.5533
v -9.6721 1.3944 -0.7130
v -9.6849 1.1697 1.3005
v -5.5299 1.7128 12.9670
v -5.7117 2.0038 13.9445
v -13.6768 -1.1149 5.3397
v -12.4493 -0.2494 5.3846
v -12.1703 -0.3590 7.4620
v -11.4804 0.2009 5.3076
v -11.2382 0.1113 7.2172
v -9.7319 0.4693 7.3849
v -9.6980 0.5912 5.3498
v -7.6835 0.5780 7.3744
v -7.7026 0.7310 5.3985
v -5.6650 0.5640 5.3363
v -5.6708 0.3544 7.3448
v -12.1472 -0.3327 9.2213
v -11.2482 0.1958 9.5155
v -9.7117 0.7140 9.3346
v -7.6587 0.9023 9.3605
v -13.7010 -1.1059 3.3601
v -12.5570 -0.2172 3.4783
v -11.5859 0.3297 3.3299
v -9.7134 0.7565 3.3329
v -7.6177 0.9620 3.2676
v -5.5681 0.7533 3.3004
v -7.6353 1.0779 1.3397
v -5.8083 1.0640 1.3854
v -7.6658 1.3842 11.3863
v -5.6527 1.3147 11.3552
v 4.0390 -23.8865 10.0584
v -7.6552 -19.1946 8.0410
v -8.8939 -19.7680 8.1556
v -3.6723 -15.3500 7.5900
v -3.9752 -16.3107 8.1703
v -2.1644 -22.0361 8.1583
v -3.7163 -21.8606 7.9940
v -5.8735 -19.1155 9.5884
v -3.4080 -18.9777 10.1891
v -5.7123 -21.8277 7.8303
v -5.6708 -20.9080 9.1590
v -3.6932 -20.9676 9.4304
v -6.5414 -18.6422 8.2635
v -7.2136 -17.9637 8.2817
v -1.6465 -21.1296 9.2988
v -2.5694 -16.1843 8.2530
v 2.1259 -1.2808 -0.7182
v 2.3035 -1.1837 -2.6443
v 0.5511 -0.3642 -2.4971
v 0.5015 -1.1839 -0.8841
v 0.6299 0.9878 -0.7633
v -0.1112 0.5611 -2.7376
v 6.0936 -3.5458 -2.5968
v 4.4794 -2.6700 -2.5895
v 7.5646 -3.9053 -1.9918
v 3.5937 -1.8757 -2.8226
v 2.7100 -0.7946 0.7659
v -1.4968 0.6117 -3.0949
v -0.5553 2.2939 -2.2286
v -0.9202 3.1007 -2.6890
v 0.2484 0.9088 -6.6304
v -0.4949 2.2983 -7.2080
v -1.4684 2.7446 -6.6672
v -3.0387 5.3957 -4.9834
v -2.9523 6.1961 -4.9174
v 1.5153 -0.6141 -7.8778
v 0.6660 -0.4009 -8.7249
v 1.3677 0.0806 -7.7719
v 1.4141 0.0296 -5.4323
v 2.3112 -1.0042 -4.6617
v 1.4824 0.1110 -6.6327
v 0.2272 0.5151 -4.8053
v 2.2887 -1.1128 -6.5987
v 3.6363 -1.8571 -4.4368
v 3.5345 -1.8958 -6.4809
v -1.4085 1.3376 -4.5463
v 1.0683 -0.2239 -4.3457
v 5.9439 -4.3507 -4.0243
v -0.9949 1.6837 -6.3532
v -1.2765 2.8676 -4.7040
v -0.0579 -0.4146 -10.2593
v -3.6102 2.1996 -5.2918
v -3.7993 1.0495 -4.3054
v -4.9169 2.0546 -5.5295
v -5.6206 0.9691 -4.7360
v -5.6564 2.8828 -6.7698
v -5.0027 3.9910 -7.5702
v -3.7025 3.1601 -6.5632
v -4.2444 4.0107 -7.5684
v -3.7163 4.5814 -8.7611
v -3.4161 5.4753 -10.0694
v -7.4619 4.3574 -9.1086
v -7.8175 3.3613 -8.2983
v -8.9816 4.0109 -9.5363
v -9.8526 -3.2421 -4.4841
v -9.8589 -0.9985 -4.1001
v -6.1567 1.6770 -6.0133
v -7.4980 1.7161 -6.0262
v -7.6700 2.3640 -7.0032
v -5.8988 5.6599 -10.0303
v -2.9629 3.7730 -8.0297
v -5.6454 4.7462 -8.7033
v -6.3495 3.7137 -7.8080
v -9.6448 0.9822 -4.8230
v -10.3544 1.8420 -5.7637
v -8.6231 -0.1466 -3.7266
v -7.7028 0.9836 -4.5924
v -7.7024 -1.2069 -2.6369
v -7.3170 0.1211 -3.4917
v -3.0568 0.3025 -3.4052
v 2.8136 12.8551 -17.9472
v 2.7897 11.2557 -17.9531
v 1.9706 16.2325 -17.5625
v 2.3877 17.0110 -18.0152
v 4.2922 14.9262 -18.2934
v 4.2924 16.9442 -18.4240
v 6.3808 18.9058 -18.4080
v 8.3021 19.0597 -18.6025
v 8.9306 19.9589 -17.7470
v -0.6281 20.9147 -19.8204
v -1.3927 18.7863 -19.2096
v 8.2941 16.9423 -19.2832
v 8.2377 14.9194 -18.7648
v 6.4222 14.8387 -18.8431
v 6.3596 16.9496 -18.9003
v 10.3789 16.8372 -18.8201
v 0.3043 16.9164 -18.3467
v -1.6255 17.0620 -18.9737
v 4.3176 11.3039 -18.2810
v -3.8224 2.1932 15.5095
v -3.1443 1.7047 14.7677
v -1.6473 1.1557 15.2771
v -3.6295 1.3186 13.3475
v -4.5027 1.9501 14.1863
v -0.8575 1.7886 18.8960
v -1.7902 2.4682 19.3995
v -2.4257 2.0217 16.1590
v -1.9901 0.4672 13.5598
v -1.1049 -0.6311 13.1579
v -3.6549 0.7490 11.3336
v -2.4285 0.1273 11.7722
v 0.3872 -1.0667 15.3242
v -0.2634 -1.4535 13.6252
v -1.5920 -1.0362 11.3433
v -0.6361 -1.9860 12.1863
v -5.6766 0.7196 9.3491
v -0.3328 0.3176 15.7018
v -1.1776 1.5748 17.1815
v -2.0948 2.2441 17.4907
v 6.8028 14.1017 -16.7776
v 9.9873 15.6855 -18.2342
v 12.2033 17.0355 -18.1131
v 13.5709 17.6140 -17.7622
v 8.4270 13.8113 -15.7522
v 7.4498 13.7504 -19.1303
v 5.5620 11.7695 -18.7802
v 20.6265 -16.4390 16.8430
v 22.4475 -17.3801 15.9022
v 22.9957 -17.3779 16.5301
v 22.9609 -15.7727 16.2081
v 22.6617 -15.3430 17.3170
v 20.2838 -17.4290 15.4598
v 18.2694 -17.3621 15.0863
v 19.5573 -16.0423 15.5369
v 18.9509 -15.9603 15.5025
v 16.4296 -17.8579 15.0678
v 16.6373 -18.9319 15.3221
v 18.2368 -19.3470 15.3187
v 21.9749 -19.2096 15.5569
v 20.3558 -19.3656 15.1713
v 20.2968 -21.7725 16.9432
v 22.9334 -19.3390 16.7523
v 16.4783 -19.2100 17.3542
v 17.5557 -18.7829 17.3317
v 15.1712 -21.3163 16.2665
v 15.1321 -21.2840 16.7360
v -6.9094 -3.3670 -1.4403
v -5.5975 -2.9469 -0.9162
v -7.7276 -3.0643 -2.3898
v -6.5194 -2.5575 -1.8145
v -7.5352 -0.5161 -0.9110
v -9.5829 -1.1594 -2.4149
v -8.8858 -0.3229 -1.5430
v -9.1599 1.3538 -1.7058
v -8.1588 0.6902 -0.5931
v -5.7617 -0.9026 -2.3109
v -5.7256 -1.2805 -0.7053
v -9.4687 2.0558 -1.0263
v -9.3560 2.1412 -1.7545
v -4.2274 -1.5632 1.5013
v -3.7771 -1.6724 -0.8423
v -3.2616 -3.0741 1.1340
v -4.0857 -2.9234 -0.0370
v -5.1481 -0.6660 1.1506
v -6.3475 0.2232 0.2617
v -9.5845 -3.0975 -3.0818
v -9.1888 -4.7150 -3.1385
v -7.8803 -5.0932 -2.5228
v -4.7773 -0.2275 2.7246
v -3.9286 -1.1421 3.4371
v -4.4132 0.1009 5.4007
v -4.2990 0.0386 7.4753
v -3.3081 -0.4973 7.3059
v -3.3828 -0.8743 5.2296
v -3.8623 0.3031 9.4716
v -1.5795 -3.0492 7.3669
v -2.0962 -3.1059 5.3609
v -2.2876 -1.4908 7.4345
v -2.5127 -1.7480 5.7550
v -2.9744 -0.3062 9.0121
v -1.9521 -1.2129 9.4003
v 12.5145 12.7861 15.3316
v 10.6674 12.8378 13.1274
v 11.9163 13.5970 13.8903
v 11.1610 12.1562 14.6107
v 13.2306 12.0367 16.4530
v 12.4607 14.7715 13.2469
v 13.0834 14.1808 14.5763
v 13.8332 13.3557 15.9349
v 11.1743 14.0926 12.5085
v 12.3892 -28.8801 16.8945
v 11.1702 -28.3975 16.6178
v 13.1673 -32.8706 11.7224
v 13.1445 -32.5834 12.9339
v 12.8064 -30.8067 15.0339
v 1.5291 0.4250 0.1327
v -0.0328 2.7126 -0.4003
v -1.1142 3.3885 -0.9828
v -1.0896 4.6117 -0.8656
v 2.3609 0.9950 1.2872
v 1.2306 1.7461 0.4063
v 0.8830 3.1913 0.7119
v 1.7551 2.8475 1.6571
v 3.0859 1.5360 2.6680
v 2.7406 2.9708 3.0099
v 3.6387 0.3096 2.0536
v -18.0038 -16.0689 14.0012
v -23.4360 -14.2343 10.2937
v -19.8106 -16.3848 12.2750
v -20.1851 -15.7561 12.0548
v 4.1381 -6.3708 1.4758
v 6.0406 -4.7648 1.4211
v 4.6593 -4.6438 1.7634
v 5.9522 -5.4551 3.0121
v 5.4442 -6.1510 3.0530
v 4.1693 -6.5023 2.9416
v 2.5200 -6.8082 3.6234
v 0.8719 -7.8438 1.5681
v 0.1256 -7.1643 3.6741
v 0.6907 -7.3720 4.5437
v 1.7372 -7.1581 4.5332
v 4.3345 -5.2500 2.9342
v -0.4519 -8.2359 2.4771
v -5.6689 -5.0346 -0.6104
v -4.4280 -4.8202 0.1589
v -5.5567 -6.9935 -0.4805
v -7.0531 -5.1913 -1.3946
v -4.5537 -7.1474 0.1979
v -3.5167 -5.1265 1.0067
v -3.6810 -7.0822 1.3048
v -1.7706 -3.3022 1.2785
v -1.9463 -4.9747 1.8849
v -2.4491 -6.5765 2.1478
v -1.5758 -2.5194 -0.3488
v 0.0415 -2.6859 -0.1204
v 0.3229 -3.5282 0.9864
v 2.2940 -3.1541 1.1694
v 2.2163 -4.5817 1.8562
v 0.4404 -4.4427 1.8375
v 2.3914 -5.5446 2.9991
v 0.3656 -5.3337 3.0079
v -3.7013 -0.7458 -2.6032
v -1.8691 -0.7995 -2.1474
v -1.5916 -1.6750 -1.3121
v -5.7803 0.1023 -3.3631
v 19.6793 -17.0673 25.1327
v 19.6845 -16.7932 23.6942
v 20.2882 -15.4862 23.3348
v 20.0230 -15.2102 24.7294
v 18.3302 -13.2678 25.1944
v 23.0805 10.8108 -6.8226
v 23.0007 8.9320 -6.9381
v 23.0361 6.9808 -6.9221
v -27.0194 -12.2768 10.2194
v -26.5008 -9.8426 7.0850
v 3.2050 -2.2012 -6.9432
v 1.0877 -0.3053 -6.9020
v -1.1017 -0.3606 -10.7638
v -4.6306 0.0068 4.0930
v -2.2552 -3.4416 3.3916
v -3.0405 -2.4488 3.2649
v -2.7810 -2.2246 4.5237
v 20.0306 -16.1860 18.8530
v 21.1087 -15.8751 18.0521
v 20.8247 -14.9278 19.3096
v 18.3073 -16.8785 19.1298
v 18.0128 -17.3125 17.4186
v 20.2701 -15.2007 21.5861
v 22.4042 -14.5220 19.2014
v 20.7258 -13.2982 20.9029
v 20.7070 -13.8761 19.9323
v 21.8573 -14.0266 19.8149
v -2.2744 19.1159 -20.5160
v -3.0184 18.2413 -20.9601
v 19.5461 -16.4302 21.4197
v 18.6021 -17.3598 21.4277
v 22.5831 -14.6577 21.3416
v 18.9492 -17.7629 23.1934
v -5.0082 -8.6776 -0.1246
v -4.2619 -8.7765 0.0475
v -4.7790 -8.5729 0.4641
v -2.2039 -8.8374 3.5393
v -2.8579 -7.7464 2.5584
v 23.3446 -14.9466 2.2530
v -5.3432 14.8742 -18.6293
v -5.0161 15.6217 -20.2006
v -5.2126 16.9778 -18.6654
v -5.0675 17.0056 -20.5104
v -5.0513 15.0099 -17.2741
v -5.0865 16.2809 -17.4710
v -3.8765 15.7273 -20.1771
v -3.9734 15.1755 -18.6769
v -3.8487 16.7539 -18.7741
v -4.9909 18.1386 -20.4549
v -3.8204 15.4468 -17.1362
v -3.4440 16.3744 -17.1774
v 17.0415 -17.7048 18.1220
v 14.7822 -19.4758 19.0930
v 14.9598 -19.7372 18.1237
v 15.7102 -18.6325 19.0572
v 16.6054 -17.7246 18.9044
v 15.2066 -20.1273 20.6314
v 16.2188 -19.5414 21.4440
v 17.4989 -18.8277 22.1232
v -9.3695 -5.0338 -4.6970
v -9.9084 -5.0139 -6.5775
v -9.3361 -6.1722 -4.9888
v -9.9743 -3.8603 -6.3409
v -7.8003 -6.2251 -2.7522
v -8.5311 -5.4348 -3.9249
v -8.3694 -6.1466 -3.6675
v 0.7139 -18.0067 14.7628
v 2.5664 -2.4586 -0.4433
v 3.2299 -2.1466 -1.7488
v 1.7623 -18.5623 16.0744
v 16.9507 -18.1466 20.4530
v 3.5361 -16.4792 19.4115
v 4.5502 -15.2972 19.3392
v 23.5106 -14.2245 22.6130
v 1.2142 -1.9357 0.4648
v 5.7722 -14.3821 19.1721
v 5.6907 -15.3152 17.0911
v 16.4250 -18.4384 14.1214
v 16.3106 -17.8815 14.0530
v 5.2717 -4.1466 -4.0470
v -4.8284 -7.1647 0.4598
v 6.0714 -16.4186 16.6657
v 5.9306 -16.3466 16.3623
v 6.0706 -16.0666 16.3405
f 1 2 3
f 3 2 4
f 5 6 7
f 8 5 9
f 9 5 10
f 11 3 8
f 3 6 5
f 3 5 8
f 6 3 7
f 4 7 3
f 12 13 14
f 14 13 15
f 16 17 18
f 18 17 19
f 18 19 20
f 20 19 21
f 22 23 24
f 19 17 21
f 25 21 17
f 26 27 25
f 25 27 21
f 27 26 28
f 26 29 28
f 28 29 27
f 30 24 23
f 30 31 24
f 24 31 32
f 30 33 31
f 31 33 32
f 34 35 26
f 26 35 29
f 36 37 35
f 35 34 36
f 38 39 37
f 37 36 38
f 40 32 33
f 32 40 41
f 42 43 39
f 39 38 42
f 40 44 41
f 45 44 41
f 46 45 40
f 40 45 41
f 46 47 45
f 48 49 50
f 50 49 51
f 50 51 52
f 52 53 50
f 54 55 56
f 56 55 57
f 58 59 47
f 53 52 60
f 60 52 61
f 62 63 58
f 58 63 59
f 64 65 62
f 62 65 63
f 66 67 60
f 60 61 66
f 66 68 67
f 69 68 70
f 56 57 71
f 71 72 56
f 66 70 68
f 73 74 45
f 75 73 46
f 45 46 73
f 76 77 43
f 76 43 42
f 78 74 73
f 73 75 78
f 47 74 78
f 49 48 76
f 76 48 77
f 4 3 11
f 47 45 74
f 45 47 59
f 79 80 81
f 81 82 79
f 79 83 84
f 79 84 80
f 85 86 64
f 64 86 65
f 87 88 86
f 86 85 87
f 87 81 88
f 81 87 82
f 89 90 91
f 91 90 92
f 93 94 91
f 91 90 93
f 95 93 90
f 96 97 55
f 55 98 96
f 94 96 98
f 94 98 99
f 99 98 55
f 99 55 54
f 95 94 93
f 96 94 95
f 100 101 102
f 103 101 100
f 104 105 90
f 90 89 104
f 106 107 104
f 104 107 105
f 108 109 110
f 110 109 111
f 112 113 107
f 107 106 112
f 114 115 112
f 112 115 113
f 116 117 118
f 119 118 117
f 120 117 116
f 121 122 123
f 121 123 115
f 115 114 121
f 121 114 124
f 124 122 121
f 125 126 120
f 120 126 117
f 126 125 127
f 128 122 124
f 129 130 128
f 130 129 131
f 131 129 132
f 133 134 125
f 127 125 134
f 135 136 134
f 135 134 133
f 131 128 130
f 122 128 131
f 136 135 137
f 138 137 135
f 139 140 141
f 142 143 144
f 145 144 143
f 146 132 147
f 147 132 129
f 148 131 146
f 146 131 132
f 145 149 150
f 145 150 144
f 151 152 150
f 150 149 151
f 151 153 152
f 152 153 154
f 155 156 154
f 155 154 153
f 157 158 155
f 155 158 156
f 159 160 147
f 147 160 146
f 161 162 157
f 157 162 158
f 160 159 163
f 163 164 160
f 165 166 162
f 165 162 161
f 167 168 164
f 164 163 167
f 169 170 167
f 167 170 168
f 171 172 173
f 173 172 174
f 55 118 175
f 175 57 55
f 138 176 177
f 138 177 137
f 178 177 176
f 178 179 177
f 180 181 182
f 178 183 179
f 178 184 183
f 185 186 179
f 185 179 178
f 186 185 142
f 142 185 143
f 187 11 8
f 8 188 187
f 11 187 4
f 4 187 189
f 96 120 97
f 97 120 190
f 189 191 3
f 189 3 4
f 97 190 118
f 97 118 55
f 192 1 3
f 3 191 192
f 1 192 2
f 193 2 192
f 95 125 96
f 96 125 120
f 170 169 194
f 194 169 195
f 195 196 194
f 194 196 197
f 125 95 133
f 133 95 198
f 196 199 200
f 196 200 197
f 107 201 135
f 107 135 202
f 133 198 135
f 135 198 202
f 202 203 135
f 135 203 204
f 18 205 199
f 199 205 200
f 20 205 18
f 20 206 205
f 204 203 207
f 207 203 208
f 43 209 210
f 43 210 39
f 211 153 151
f 151 212 211
f 21 213 206
f 206 20 21
f 214 215 216
f 215 214 217
f 218 155 211
f 211 155 153
f 219 220 21
f 21 220 213
f 221 222 223
f 27 224 220
f 223 225 221
f 220 219 27
f 226 227 148
f 228 229 214
f 214 216 228
f 35 230 29
f 29 230 231
f 232 233 229
f 229 228 232
f 29 231 27
f 27 231 224
f 218 148 234
f 218 234 155
f 235 236 232
f 232 236 233
f 234 148 227
f 37 237 35
f 35 237 230
f 238 239 235
f 235 239 236
f 37 210 237
f 240 241 242
f 242 243 240
f 39 210 37
f 244 245 221
f 244 221 222
f 246 247 227
f 227 226 246
f 248 249 250
f 248 250 251
f 252 253 239
f 239 238 252
f 252 254 253
f 255 254 252
f 243 242 256
f 256 257 243
f 244 258 245
f 258 244 259
f 260 261 255
f 77 262 209
f 255 261 254
f 77 209 43
f 263 264 261
f 261 260 263
f 265 266 262
f 265 262 48
f 77 48 262
f 267 268 264
f 264 263 267
f 269 270 247
f 269 247 246
f 48 266 265
f 271 266 48
f 272 266 273
f 274 275 268
f 268 267 274
f 276 277 256
f 256 277 257
f 271 273 266
f 278 279 280
f 272 273 281
f 281 273 282
f 250 279 278
f 250 278 283
f 270 269 284
f 284 269 285
f 286 283 278
f 287 288 281
f 287 281 282
f 289 251 283
f 283 251 250
f 290 251 289
f 291 292 276
f 276 292 277
f 290 289 283
f 290 283 286
f 251 290 293
f 215 217 251
f 251 293 215
f 68 294 288
f 68 288 287
f 295 296 166
f 295 166 165
f 295 22 296
f 295 297 22
f 298 299 275
f 275 274 298
f 297 300 22
f 301 22 300
f 300 302 301
f 301 302 30
f 303 302 300
f 302 303 30
f 30 303 304
f 293 286 305
f 286 293 290
f 304 303 15
f 15 306 304
f 307 308 47
f 47 308 58
f 309 310 298
f 298 310 299
f 311 312 308
f 308 312 58
f 313 64 311
f 311 64 312
f 314 315 310
f 310 309 314
f 316 317 318
f 13 319 306
f 13 306 15
f 320 321 315
f 315 314 320
f 321 320 322
f 208 323 207
f 207 323 178
f 324 75 325
f 13 325 319
f 319 325 75
f 307 47 46
f 307 46 324
f 322 326 321
f 326 322 327
f 328 329 326
f 326 327 328
f 178 323 185
f 185 323 330
f 324 46 75
f 331 143 185
f 185 330 331
f 332 333 329
f 332 329 328
f 334 333 335
f 336 83 79
f 336 79 337
f 338 335 333
f 333 332 338
f 339 340 341
f 340 339 342
f 343 87 85
f 85 344 343
f 345 346 338
f 338 346 335
f 344 85 64
f 64 313 344
f 347 348 345
f 345 348 346
f 349 350 341
f 341 350 340
f 351 352 87
f 87 343 351
f 353 338 332
f 351 79 352
f 354 355 347
f 347 355 348
f 79 351 337
f 356 357 355
f 355 354 356
f 358 357 356
f 359 360 361
f 361 362 359
f 363 364 356
f 356 364 357
f 362 361 365
f 366 365 361
f 341 340 367
f 367 368 341
f 369 83 336
f 370 371 363
f 363 371 364
f 368 367 372
f 372 367 373
f 359 372 360
f 360 372 373
f 350 349 174
f 374 375 376
f 376 377 374
f 378 70 66
f 212 151 143
f 143 331 212
f 284 285 295
f 285 379 295
f 197 380 379
f 380 295 379
f 295 380 381
f 349 382 174
f 174 382 383
f 174 383 173
f 173 383 171
f 384 171 383
f 380 385 300
f 380 300 381
f 205 386 385
f 385 380 205
f 300 385 387
f 387 385 386
f 213 14 386
f 386 14 387
f 388 389 390
f 390 391 388
f 63 171 384
f 63 182 171
f 209 311 308
f 308 210 209
f 59 182 63
f 14 213 12
f 12 213 220
f 182 59 392
f 224 13 220
f 220 13 12
f 182 392 180
f 393 180 392
f 392 59 393
f 394 325 224
f 224 325 13
f 65 181 180
f 180 393 65
f 230 324 394
f 394 324 325
f 237 307 324
f 324 230 237
f 210 308 307
f 307 237 210
f 80 395 81
f 313 311 344
f 396 344 311
f 311 209 396
f 86 397 181
f 181 65 86
f 266 343 344
f 344 396 266
f 398 399 397
f 397 86 398
f 81 395 398
f 398 395 399
f 272 351 266
f 266 351 343
f 281 400 351
f 281 351 272
f 400 369 336
f 400 281 369
f 369 281 288
f 288 401 369
f 402 403 404
f 405 406 407
f 405 407 408
f 128 124 129
f 409 410 405
f 411 406 410
f 410 406 405
f 409 411 410
f 411 409 412
f 413 140 139
f 414 415 412
f 414 412 409
f 414 416 415
f 416 417 415
f 418 419 420
f 417 416 278
f 421 278 416
f 192 191 189
f 349 341 339
f 422 196 169
f 169 196 195
f 145 143 151
f 145 151 149
f 383 382 349
f 50 273 271
f 271 48 50
f 53 282 50
f 50 282 273
f 63 384 383
f 383 44 63
f 59 63 44
f 44 45 59
f 198 105 202
f 107 202 105
f 113 203 107
f 107 203 202
f 318 423 316
f 178 176 138
f 178 138 207
f 86 81 398
f 424 192 425
f 424 425 426
f 427 428 429
f 429 428 430
f 379 285 197
f 300 387 303
f 337 351 336
f 262 396 209
f 431 215 432
f 432 215 293
f 433 216 215
f 215 431 433
f 434 228 216
f 216 433 434
f 435 91 94
f 436 232 228
f 228 434 436
f 437 235 232
f 232 436 437
f 438 238 437
f 437 238 235
f 439 252 238
f 238 438 439
f 440 255 252
f 252 439 440
f 441 260 255
f 255 440 441
f 442 263 260
f 260 441 442
f 443 267 442
f 442 267 263
f 444 274 443
f 443 274 267
f 322 328 327
f 445 286 278
f 278 421 445
f 446 447 448
f 449 305 286
f 449 286 445
f 432 293 449
f 305 449 293
f 450 338 332
f 158 276 156
f 156 276 256
f 339 451 452
f 453 298 274
f 274 444 453
f 454 309 298
f 298 453 454
f 402 455 403
f 456 314 309
f 309 454 456
f 457 458 459
f 459 460 457
f 461 320 314
f 314 456 461
f 462 322 320
f 320 461 462
f 166 463 162
f 162 463 464
f 462 465 322
f 322 465 466
f 467 328 466
f 467 466 465
f 339 24 349
f 468 328 467
f 468 332 328
f 167 469 169
f 169 469 422
f 193 192 189
f 470 353 332
f 470 332 468
f 471 472 473
f 471 473 459
f 470 338 353
f 338 470 474
f 475 338 474
f 475 345 338
f 476 477 478
f 479 347 345
f 345 475 479
f 480 354 347
f 347 479 480
f 30 23 22
f 22 301 30
f 481 356 354
f 354 480 481
f 482 363 481
f 356 481 363
f 483 370 482
f 363 482 370
f 304 40 30
f 30 40 33
f 349 32 383
f 484 485 486
f 486 487 484
f 488 489 485
f 485 484 488
f 62 58 64
f 312 64 58
f 65 393 59
f 63 65 59
f 490 491 492
f 490 493 491
f 489 488 494
f 494 495 489
f 47 78 75
f 88 81 86
f 53 287 282
f 287 53 60
f 496 407 406
f 406 497 496
f 498 497 406
f 498 406 411
f 51 499 500
f 500 52 51
f 405 501 409
f 164 246 226
f 280 417 415
f 417 280 278
f 502 503 504
f 505 503 502
f 120 116 118
f 120 118 190
f 258 506 507
f 507 245 258
f 168 269 246
f 246 164 168
f 170 285 168
f 168 285 269
f 508 509 510
f 323 208 330
f 330 208 331
f 247 161 157
f 157 227 247
f 360 192 193
f 193 361 360
f 361 193 189
f 189 366 361
f 367 426 373
f 373 426 425
f 373 425 192
f 373 192 360
f 424 426 511
f 512 513 508
f 508 510 512
f 367 511 426
f 424 511 192
f 511 360 192
f 514 515 361
f 361 515 193
f 513 512 516
f 516 517 513
f 200 205 197
f 197 205 380
f 518 223 519
f 519 223 222
f 520 516 521
f 517 516 520
f 213 386 206
f 206 386 205
f 522 523 524
f 524 523 187
f 525 189 187
f 187 523 525
f 523 522 525
f 525 522 526
f 526 366 189
f 526 189 525
f 527 528 529
f 529 528 530
f 94 531 435
f 429 430 532
f 532 430 533
f 54 531 99
f 99 531 94
f 534 535 536
f 534 536 537
f 244 222 223
f 389 388 538
f 539 452 451
f 540 477 476
f 300 297 295
f 381 300 295
f 541 542 543
f 544 542 541
f 545 546 547
f 547 548 545
f 183 549 177
f 179 183 177
f 400 336 351
f 18 199 196
f 110 111 550
f 551 110 550
f 17 16 316
f 552 553 472
f 472 553 473
f 60 68 287
f 68 60 67
f 154 242 241
f 241 152 154
f 554 76 555
f 555 76 42
f 511 361 360
f 556 49 554
f 554 49 76
f 156 256 154
f 154 256 242
f 321 557 315
f 499 51 556
f 556 51 49
f 558 61 52
f 558 52 500
f 559 560 561
f 561 560 562
f 115 123 203
f 203 113 115
f 322 466 328
f 203 123 331
f 203 331 208
f 160 226 148
f 148 146 160
f 563 564 565
f 563 566 564
f 218 211 131
f 218 131 148
f 306 46 40
f 40 304 306
f 226 160 164
f 352 79 82
f 82 87 352
f 529 567 527
f 207 138 135
f 135 204 207
f 230 394 224
f 231 230 224
f 270 165 247
f 247 165 161
f 501 405 568
f 568 405 408
f 569 469 163
f 163 469 167
f 457 374 458
f 374 570 571
f 570 457 460
f 457 570 374
f 571 540 374
f 374 540 476
f 570 572 571
f 571 572 540
f 573 244 223
f 458 374 574
f 574 374 377
f 374 478 375
f 478 374 476
f 375 527 376
f 527 375 478
f 514 361 511
f 460 459 570
f 575 570 459
f 427 570 575
f 575 428 427
f 428 575 459
f 459 473 428
f 572 570 576
f 427 576 570
f 577 578 579
f 577 579 539
f 553 430 428
f 553 428 473
f 576 427 580
f 429 580 427
f 581 533 430
f 532 582 580
f 430 553 581
f 532 580 429
f 583 584 533
f 533 584 532
f 582 532 584
f 584 585 582
f 526 522 524
f 586 583 533
f 533 581 586
f 584 583 536
f 536 583 537
f 585 584 536
f 536 587 585
f 588 537 583
f 583 586 588
f 589 534 588
f 588 534 537
f 535 590 536
f 536 590 587
f 24 339 452
f 589 591 592
f 452 593 24
f 589 592 534
f 590 535 545
f 594 545 535
f 592 545 594
f 545 592 546
f 592 591 595
f 561 595 591
f 196 596 18
f 595 547 592
f 592 547 546
f 562 538 561
f 561 538 595
f 560 538 562
f 560 597 538
f 538 597 389
f 598 389 560
f 560 389 597
f 538 599 547
f 538 547 595
f 368 372 600
f 600 341 368
f 599 538 388
f 388 601 599
f 389 598 390
f 490 390 598
f 21 27 219
f 388 391 601
f 601 391 318
f 527 567 376
f 32 349 24
f 41 44 383
f 41 383 32
f 391 390 318
f 318 390 423
f 397 399 181
f 181 399 602
f 423 390 316
f 603 316 390
f 604 605 316
f 604 316 603
f 605 17 316
f 604 402 17
f 604 17 605
f 490 492 603
f 490 603 390
f 491 604 603
f 603 492 491
f 134 606 126
f 126 127 134
f 491 607 604
f 604 607 402
f 15 303 387
f 402 404 25
f 402 25 17
f 608 402 607
f 608 455 402
f 403 26 25
f 403 25 404
f 608 609 403
f 608 403 455
f 610 34 26
f 26 403 610
f 611 610 609
f 609 610 403
f 550 36 34
f 34 610 550
f 111 38 550
f 550 38 36
f 419 550 611
f 611 550 610
f 109 42 111
f 111 42 38
f 418 551 550
f 550 419 418
f 108 42 109
f 420 110 551
f 551 418 420
f 108 555 42
f 110 420 108
f 612 378 66
f 613 108 420
f 555 108 554
f 614 554 108
f 615 614 613
f 613 614 108
f 616 556 554
f 554 614 616
f 617 616 614
f 617 614 615
f 618 499 616
f 616 499 556
f 619 618 617
f 617 618 616
f 499 618 500
f 620 500 618
f 621 620 618
f 618 619 621
f 558 500 139
f 139 620 622
f 620 139 500
f 621 622 620
f 139 61 558
f 141 61 139
f 198 90 105
f 141 140 66
f 141 66 61
f 100 413 139
f 139 622 100
f 198 95 90
f 101 612 140
f 612 66 140
f 100 140 413
f 102 140 100
f 101 140 102
f 122 212 331
f 122 331 123
f 211 212 122
f 122 131 211
f 478 531 527
f 527 531 54
f 527 54 56
f 56 528 527
f 530 528 56
f 530 56 72
f 623 624 625
f 459 458 249
f 249 248 459
f 174 367 350
f 350 367 340
f 249 458 250
f 250 458 574
f 248 471 459
f 471 248 251
f 172 511 174
f 174 511 367
f 471 251 472
f 472 251 217
f 552 214 553
f 214 552 472
f 214 472 217
f 477 435 478
f 478 435 531
f 229 553 214
f 540 91 435
f 540 435 477
f 233 581 229
f 229 581 553
f 572 89 91
f 91 540 572
f 581 233 236
f 236 586 581
f 476 478 531
f 239 588 586
f 239 586 236
f 89 572 104
f 104 572 576
f 588 239 253
f 253 589 588
f 524 366 526
f 580 106 576
f 576 106 104
f 254 591 253
f 253 591 589
f 254 561 591
f 261 561 254
f 582 112 580
f 106 580 112
f 264 561 261
f 264 559 561
f 268 560 264
f 264 560 559
f 585 114 582
f 582 114 112
f 275 598 268
f 268 598 560
f 587 124 585
f 585 124 114
f 124 587 590
f 590 129 124
f 276 464 291
f 291 464 626
f 137 606 134
f 134 136 137
f 129 590 147
f 147 590 545
f 144 519 142
f 142 519 222
f 197 285 194
f 194 285 170
f 150 518 144
f 144 518 519
f 548 159 545
f 545 159 147
f 296 22 166
f 166 22 463
f 150 223 518
f 152 223 150
f 299 490 275
f 275 490 598
f 548 547 159
f 569 163 159
f 159 547 569
f 154 627 223
f 154 223 152
f 154 152 627
f 627 152 223
f 299 310 490
f 599 569 547
f 490 310 493
f 315 491 493
f 315 493 310
f 156 158 628
f 628 158 578
f 578 156 628
f 601 469 569
f 569 599 601
f 557 607 491
f 557 491 315
f 158 162 579
f 158 579 578
f 321 608 557
f 557 608 607
f 318 422 601
f 601 422 469
f 326 609 321
f 321 609 608
f 326 329 609
f 609 329 611
f 333 419 329
f 329 419 611
f 334 418 419
f 419 333 334
f 335 420 418
f 418 334 335
f 346 613 335
f 335 613 420
f 348 615 613
f 348 613 346
f 629 630 631
f 355 617 615
f 355 615 348
f 319 75 46
f 306 319 46
f 357 619 355
f 355 619 617
f 364 621 619
f 619 357 364
f 46 47 75
f 371 622 364
f 364 622 621
f 396 262 266
f 422 318 196
f 317 196 318
f 316 196 317
f 196 316 596
f 596 316 18
f 16 18 316
f 227 157 234
f 234 157 155
f 241 573 223
f 241 223 152
f 241 186 244
f 241 244 573
f 295 165 270
f 295 270 284
f 156 578 158
f 158 578 276
f 578 577 276
f 539 276 577
f 464 276 539
f 464 539 579
f 579 162 464
f 464 539 626
f 626 539 451
f 463 452 539
f 463 539 464
f 22 593 452
f 22 452 463
f 593 22 24
f 592 594 535
f 535 534 592
f 626 451 632
f 632 451 600
f 341 600 451
f 451 339 341
f 415 417 411
f 415 411 412
f 280 415 278
f 278 415 417
f 387 14 15
f 278 279 633
f 634 635 9
f 635 636 9
f 188 8 9
f 9 636 188
f 637 258 259
f 637 638 258
f 365 366 639
f 365 639 640
f 641 637 186
f 186 637 244
f 241 641 186
f 632 642 643
f 643 644 632
f 643 642 372
f 632 372 642
f 372 632 600
f 635 645 636
f 636 645 646
f 376 567 377
f 567 647 377
f 243 648 240
f 240 648 649
f 650 648 257
f 648 243 257
f 292 650 277
f 650 257 277
f 365 640 362
f 640 359 362
f 632 644 626
f 644 291 626
f 530 567 529
f 530 651 652
f 567 530 653
f 653 530 652
f 637 259 244
f 524 187 654
f 654 187 188
f 359 640 643
f 643 372 359
f 649 641 240
f 240 641 241
f 649 648 641
f 291 655 292
f 292 655 650
f 656 657 638
f 657 258 638
f 258 656 638
f 637 656 638
f 658 656 637
f 656 658 659
f 656 659 660
f 660 661 656
f 656 661 662
f 641 663 637
f 637 663 664
f 663 659 664
f 659 661 660
f 665 661 659
f 663 666 659
f 665 667 661
f 668 666 663
f 655 668 663
f 668 669 659
f 668 659 666
f 644 668 291
f 668 655 291
f 640 654 665
f 665 654 667
f 669 668 670
f 670 668 644
f 654 640 366
f 640 639 366
f 524 654 366
f 644 643 670
f 661 646 645
f 661 645 662
f 646 661 636
f 654 188 667
f 667 188 661
f 661 188 636
f 648 663 641
f 663 648 655
f 648 650 655
f 659 658 637
f 664 659 637
f 670 643 669
f 669 643 665
f 665 643 640
f 665 659 669
f 671 672 673
f 673 674 671
f 675 676 677
f 678 679 680
f 681 682 683
f 684 685 686
f 687 688 685
f 689 690 691
f 692 693 694
f 695 694 693
f 696 697 698
f 698 699 696
f 700 701 696
f 696 701 697
f 702 703 704
f 705 704 703
f 706 707 708
f 708 707 709
f 707 706 710
f 710 706 711
f 710 711 712
f 712 711 713
f 714 715 716
f 716 717 714
f 718 719 720
f 721 719 718
f 722 723 724
f 724 723 725
f 726 727 728
f 729 730 566
f 731 732 733
f 734 735 736
f 736 735 737
f 738 729 541
f 739 740 741
f 681 742 682
f 743 744 745
f 743 745 746
f 747 678 748
f 748 732 747
f 749 678 750
f 750 678 680
f 751 680 747
f 747 680 678
f 751 747 678
f 751 678 680
f 752 629 631
f 753 754 755
f 753 755 756
f 756 755 679
f 756 679 747
f 747 679 678
f 757 758 759
f 759 760 757
f 761 762 763
f 763 764 761
f 765 731 766
f 766 731 733
f 767 732 731
f 731 765 767
f 768 769 715
f 715 714 768
f 770 753 767
f 767 753 732
f 771 772 773
f 774 719 775
f 774 775 776
f 720 777 718
f 777 720 778
f 749 779 678
f 749 780 779
f 781 734 779
f 781 779 780
f 750 781 749
f 749 781 780
f 680 734 750
f 750 734 781
f 782 736 734
f 782 734 680
f 470 475 474
f 680 783 735
f 680 735 734
f 680 734 736
f 736 782 680
f 503 725 504
f 504 725 784
f 785 728 727
f 786 787 565
f 565 787 563
f 566 788 729
f 789 541 729
f 790 791 544
f 544 791 542
f 792 793 794
f 795 794 793
f 796 741 794
f 794 795 796
f 797 798 741
f 797 741 796
f 734 501 779
f 779 501 568
f 741 798 739
f 799 739 797
f 797 739 798
f 800 801 739
f 739 799 800
f 736 409 501
f 501 734 736
f 802 674 800
f 800 674 801
f 803 671 802
f 802 671 674
f 804 805 803
f 803 805 671
f 675 806 804
f 804 806 805
f 736 737 409
f 409 737 410
f 675 807 808
f 675 808 806
f 677 809 807
f 807 809 808
f 810 414 736
f 736 414 409
f 409 410 414
f 414 410 416
f 410 737 416
f 446 416 737
f 811 686 677
f 677 686 809
f 448 421 416
f 448 416 446
f 811 812 686
f 686 812 684
f 812 685 684
f 813 685 812
f 681 687 685
f 681 685 813
f 683 688 687
f 683 687 681
f 683 682 688
f 688 682 693
f 814 695 693
f 814 693 682
f 814 694 695
f 815 694 814
f 745 816 694
f 694 815 745
f 745 744 816
f 817 816 744
f 818 819 820
f 817 744 699
f 699 744 821
f 821 822 699
f 696 699 822
f 823 700 696
f 696 822 823
f 818 820 823
f 823 820 700
f 761 799 824
f 824 799 797
f 764 800 761
f 761 800 799
f 800 764 768
f 768 802 800
f 714 803 768
f 768 803 802
f 717 804 714
f 714 804 803
f 825 675 804
f 825 804 717
f 773 675 825
f 675 773 676
f 676 773 677
f 772 677 773
f 772 826 811
f 772 811 677
f 811 826 812
f 812 826 813
f 775 813 826
f 813 775 681
f 719 742 681
f 719 681 775
f 827 690 828
f 828 690 829
f 719 682 742
f 721 682 719
f 794 691 792
f 792 691 690
f 792 690 827
f 685 688 830
f 718 814 682
f 718 682 721
f 741 831 691
f 741 691 794
f 740 832 831
f 831 741 740
f 777 746 814
f 777 814 718
f 833 834 740
f 740 834 832
f 835 743 746
f 835 746 777
f 673 836 834
f 834 833 673
f 672 837 836
f 836 673 672
f 838 839 672
f 672 839 837
f 805 839 838
f 805 840 839
f 805 841 840
f 841 805 806
f 744 743 835
f 744 835 842
f 744 842 821
f 821 842 843
f 808 631 806
f 806 631 841
f 844 822 843
f 843 822 821
f 448 845 846
f 822 844 823
f 823 844 847
f 848 849 845
f 845 849 846
f 828 829 849
f 828 849 848
f 850 818 823
f 823 847 850
f 809 752 631
f 631 808 809
f 686 629 809
f 809 629 752
f 686 685 851
f 686 851 852
f 686 852 629
f 685 852 851
f 685 853 852
f 830 854 853
f 830 853 685
f 688 625 830
f 830 625 854
f 693 623 688
f 688 623 625
f 693 624 623
f 692 624 693
f 694 855 624
f 694 624 692
f 816 760 694
f 694 760 855
f 817 760 816
f 817 757 760
f 817 758 757
f 856 758 817
f 698 857 856
f 856 857 758
f 857 698 858
f 858 698 697
f 701 859 697
f 697 859 858
f 860 861 859
f 860 859 701
f 820 861 860
f 861 820 862
f 819 863 862
f 819 862 820
f 845 828 848
f 828 845 864
f 690 431 432
f 432 829 690
f 691 434 433
f 433 689 691
f 689 433 690
f 690 433 431
f 831 436 691
f 691 436 434
f 832 436 831
f 436 832 437
f 834 438 832
f 832 438 437
f 836 439 438
f 438 834 836
f 837 440 439
f 439 836 837
f 839 441 440
f 440 837 839
f 840 442 839
f 839 442 441
f 841 443 442
f 442 840 841
f 631 444 841
f 841 444 443
f 448 846 421
f 421 846 445
f 849 449 846
f 846 449 445
f 829 432 849
f 849 432 449
f 631 453 444
f 453 631 630
f 629 454 453
f 453 630 629
f 852 456 454
f 454 629 852
f 853 461 456
f 456 852 853
f 805 838 672
f 672 671 805
f 853 854 462
f 853 462 461
f 625 465 462
f 625 462 854
f 865 467 465
f 865 465 625
f 624 468 467
f 467 865 624
f 624 855 470
f 624 470 468
f 866 763 762
f 762 867 866
f 764 763 768
f 768 763 769
f 760 470 855
f 763 866 868
f 868 769 763
f 869 475 470
f 760 869 470
f 760 475 869
f 760 759 475
f 758 479 475
f 475 759 758
f 786 715 769
f 769 868 786
f 758 857 479
f 480 479 857
f 565 716 715
f 715 786 565
f 858 481 480
f 480 857 858
f 564 773 565
f 565 773 716
f 859 482 858
f 858 482 481
f 566 773 564
f 773 566 870
f 773 870 771
f 566 771 870
f 730 771 566
f 861 483 859
f 859 483 482
f 729 776 730
f 730 776 771
f 771 776 826
f 738 776 729
f 541 774 738
f 738 774 776
f 541 719 774
f 543 719 541
f 542 719 543
f 542 720 719
f 673 801 674
f 833 801 673
f 791 778 720
f 791 720 542
f 791 777 778
f 871 777 791
f 871 521 777
f 835 777 521
f 516 842 521
f 521 842 835
f 512 872 516
f 516 872 842
f 510 873 512
f 512 873 872
f 873 510 509
f 509 850 873
f 874 787 786
f 874 875 722
f 874 722 787
f 724 563 787
f 724 787 722
f 563 724 566
f 876 566 724
f 503 566 876
f 788 566 503
f 725 877 784
f 504 784 877
f 878 504 877
f 788 503 729
f 505 729 503
f 502 729 505
f 729 502 789
f 703 504 878
f 504 703 879
f 879 727 504
f 504 727 502
f 789 502 541
f 703 727 879
f 727 703 702
f 880 541 502
f 726 541 880
f 726 544 541
f 704 785 727
f 704 727 702
f 728 790 726
f 726 790 544
f 791 790 728
f 791 728 881
f 728 785 704
f 882 495 728
f 882 728 704
f 495 882 883
f 791 881 494
f 494 520 791
f 520 494 488
f 488 517 520
f 709 489 495
f 495 883 709
f 707 485 709
f 709 485 489
f 484 513 488
f 488 513 517
f 795 793 796
f 796 793 797
f 487 508 513
f 513 484 487
f 485 707 486
f 486 707 710
f 447 446 737
f 447 737 884
f 486 710 885
f 885 710 712
f 746 745 815
f 815 814 746
f 740 739 801
f 801 833 740
f 677 807 675
f 773 825 717
f 717 716 773
f 699 698 856
f 856 817 699
f 772 771 826
f 826 776 775
f 820 860 700
f 700 860 701
f 872 844 843
f 843 842 872
f 873 847 844
f 844 872 873
f 847 873 850
f 732 753 733
f 747 732 756
f 756 732 753
f 886 887 711
f 713 711 887
f 680 679 783
f 625 624 865
f 708 883 882
f 708 709 883
f 770 767 765
f 766 770 765
f 871 791 520
f 520 521 871
f 503 876 724
f 724 725 503
f 727 726 502
f 502 726 880
f 881 728 494
f 495 494 728
f 888 889 890
f 891 889 888
f 892 893 894
f 894 895 892
f 896 897 898
f 895 894 899
f 899 900 895
f 901 902 903
f 904 903 902
f 896 905 906
f 896 898 905
f 902 907 904
f 901 892 895
f 895 908 901
f 909 904 907
f 910 911 912
f 913 911 910
f 914 915 906
f 906 905 914
f 916 917 918
f 914 919 915
f 919 920 899
f 914 921 922
f 889 921 914
f 889 891 916
f 916 921 889
f 895 900 910
f 908 923 901
f 902 901 923
f 895 923 908
f 924 895 910
f 923 895 924
f 912 924 910
f 912 923 924
f 921 925 922
f 918 925 921
f 918 921 916
f 918 926 925
f 927 926 918
f 898 928 890
f 890 905 898
f 899 910 900
f 888 928 929
f 890 928 888
f 894 896 906
f 906 899 894
f 930 922 925
f 925 931 930
f 899 920 932
f 899 932 910
f 910 932 920
f 920 913 910
f 890 914 905
f 889 914 890
f 925 933 931
f 925 926 933
f 907 902 923
f 923 934 907
f 920 935 913
f 920 930 935
f 906 919 899
f 915 919 906
f 936 935 930
f 930 931 936
f 914 920 919
f 922 920 914
f 922 930 920
f 897 937 928
f 928 898 897
f 938 939 940
f 941 939 938
f 941 942 939
f 941 943 939
f 943 942 939
f 944 945 943
f 946 944 943
f 943 947 942
f 945 947 943
f 945 944 947
f 944 948 947
f 949 950 951
f 949 952 950
f 953 952 949
f 954 955 884
f 884 956 954
f 957 928 937
f 929 928 957
f 958 959 960
f 960 961 958
f 912 911 913
f 962 963 964
f 962 965 963
f 966 967 968
f 969 970 966
f 969 971 970
f 972 971 969
f 973 974 965
f 975 976 886
f 975 977 976
f 927 917 978
f 918 917 927
f 975 979 977
f 980 979 975
f 981 982 983
f 981 983 984
f 931 985 936
f 933 985 931
f 981 982 986
f 986 987 981
f 988 989 981
f 981 989 982
f 990 989 988
f 987 986 990
f 990 986 991
f 990 991 992
f 992 991 944
f 993 994 995
f 995 996 993
f 679 754 997
f 755 754 679
f 936 998 999
f 985 998 936
f 1000 1001 1002
f 1003 1004 1005
f 1003 1005 1006
f 1007 1008 1009
f 1010 998 985
f 878 877 1011
f 703 878 1011
f 1012 1013 1014
f 1012 1014 1015
f 1016 1017 1012
f 1012 1017 1013
f 1018 1019 1017
f 1017 1016 1018
f 1020 1021 1022
f 1022 1021 1023
f 1024 1025 1026
f 1027 1028 1029
f 1029 1028 1030
f 1031 1032 1033
f 1034 1035 1036
f 1036 1037 1034
f 1038 1039 1040
f 989 990 991
f 989 991 1041
f 989 1041 1042
f 1043 1041 991
f 1043 991 990
f 1044 1045 1046
f 1044 1046 1047
f 1048 1049 1050
f 1050 1049 1051
f 1052 1053 1054
f 992 944 946
f 946 1055 992
f 1056 1057 1058
f 1059 1057 1056
f 1060 1061 1041
f 1060 1041 1043
f 994 993 1062
f 994 1062 1063
f 1064 1065 1061
f 1061 1060 1064
f 1066 1067 1065
f 1065 1067 1061
f 1068 1066 1064
f 1064 1066 1065
f 1068 1067 1066
f 1055 946 1069
f 1069 946 943
f 1069 943 941
f 1069 941 1070
f 1070 941 938
f 938 1071 1070
f 1071 938 1072
f 1072 1073 1071
f 1074 995 1075
f 1075 995 1076
f 1077 1078 1067
f 1067 1079 1077
f 1067 1068 1079
f 1080 1081 1075
f 1075 1081 1082
f 1083 1084 1085
f 1086 1087 1077
f 1077 1087 1078
f 1083 1085 1088
f 1089 1087 1086
f 1090 1087 1089
f 1091 1092 1087
f 1091 1087 1090
f 1091 1090 1089
f 1093 1091 1089
f 1094 1095 1096
f 1094 1096 1097
f 1098 1091 1093
f 1099 1098 1093
f 1100 1101 1098
f 1098 1099 1100
f 1102 1103 1104
f 1105 1102 1104
f 1106 1107 1101
f 1101 1100 1106
f 886 976 887
f 887 976 1108
f 1107 1106 1109
f 1110 1107 1109
f 1111 1112 1110
f 1110 1109 1111
f 1073 1072 1113
f 1113 1114 1073
f 1114 1113 1115
f 1115 1113 1116
f 1115 1116 1019
f 1019 1018 1115
f 1019 1116 1113
f 1095 1094 1001
f 1001 1000 1095
f 1117 1118 1119
f 1120 1117 1119
f 1121 969 966
f 1122 966 968
f 735 1123 1124
f 735 1124 956
f 956 1124 954
f 954 1124 1125
f 1126 448 447
f 447 884 1127
f 1127 884 955
f 1128 1129 1130
f 1130 1129 1131
f 1132 1133 1097
f 1097 1096 1132
f 1133 1132 1134
f 1134 1135 1133
f 1135 1134 1136
f 1137 1138 1139
f 1139 1138 1140
f 1038 1141 1142
f 1143 1141 1038
f 1036 1022 1037
f 1037 1022 1023
f 1144 1077 1079
f 1144 1079 1068
f 1050 1145 1146
f 1147 1145 1050
f 1086 1077 1089
f 1089 1077 1144
f 1033 1148 1149
f 1150 1033 1149
f 1151 1031 1033
f 1099 1093 1100
f 1100 1093 1152
f 974 973 1153
f 974 1153 1154
f 1052 1054 1155
f 1156 1157 963
f 963 1157 964
f 1158 1159 1160
f 1160 1159 1161
f 1162 1163 1157
f 1157 1156 1162
f 1164 1136 1147
f 1147 1136 1145
f 1165 1166 1162
f 1162 1166 1163
f 1166 1165 1167
f 1167 1168 1166
f 1169 1170 1171
f 1169 1171 1172
f 1045 1044 1173
f 1173 1174 1045
f 1175 1176 1028
f 1028 1027 1175
f 1168 1167 1177
f 1177 1167 1178
f 1179 1038 1040
f 1088 1180 1083
f 1181 1083 1180
f 1180 1088 1085
f 1035 1034 1049
f 1180 1085 1182
f 1183 1103 1184
f 1184 1185 1183
f 1063 1062 1176
f 1182 1085 1184
f 1184 1085 1185
f 1176 1175 1063
f 1104 1103 1183
f 1104 1183 1186
f 1104 1186 1187
f 1187 1186 1188
f 1054 1053 1189
f 1189 824 1054
f 824 1189 761
f 761 1189 762
f 1081 1080 979
f 990 988 981
f 990 981 987
f 1045 1190 1102
f 1045 1102 1046
f 1191 1102 1105
f 1046 1102 1191
f 1191 1105 1104
f 1191 1104 1192
f 1193 1187 1194
f 1194 1195 1193
f 1192 1104 1193
f 1193 1104 1187
f 982 1130 1196
f 1196 983 982
f 982 1130 986
f 986 1130 1131
f 989 1130 982
f 989 1128 1130
f 986 1131 1129
f 1129 991 986
f 1129 1128 989
f 991 1129 989
f 991 1129 948
f 948 944 991
f 1118 1117 1197
f 1197 1198 1118
f 1199 961 972
f 972 961 1200
f 1201 1202 1203
f 1204 1201 1203
f 1123 679 997
f 1123 997 1124
f 679 735 783
f 735 679 1123
f 1205 1206 959
f 959 958 1205
f 875 1207 722
f 722 1207 723
f 1083 1126 447
f 1208 448 1083
f 1083 448 1126
f 1084 1127 1085
f 1127 1084 447
f 1083 447 1084
f 1127 955 1209
f 1209 955 1210
f 1085 1127 1185
f 1185 1127 1209
f 1209 1210 953
f 953 1210 952
f 953 1183 1209
f 1209 1183 1185
f 1183 953 949
f 949 1186 1183
f 1186 949 951
f 951 1188 1186
f 1013 1211 1024
f 1024 1014 1013
f 1017 1212 1211
f 1211 1013 1017
f 1019 1213 1017
f 1017 1213 1212
f 1214 1043 992
f 992 1043 990
f 1064 1060 1043
f 1064 1043 1214
f 1138 793 792
f 1138 792 827
f 1041 1129 991
f 1041 1215 1129
f 1061 1056 1215
f 1215 1041 1061
f 1059 1056 1067
f 1061 1067 1056
f 1067 1057 1059
f 938 940 1216
f 1216 1072 938
f 1067 1217 1057
f 1218 1219 1057
f 1057 1217 1218
f 1220 845 1208
f 1220 1208 1083
f 1220 1083 1221
f 1221 1083 1181
f 1139 864 845
f 1139 845 1220
f 1222 1223 1219
f 1222 1219 1218
f 1140 828 1139
f 1139 828 864
f 1138 827 828
f 1138 828 1140
f 1223 1222 1153
f 1092 1153 1222
f 1153 1092 1154
f 1100 1152 1106
f 1106 1152 1224
f 1225 974 1092
f 1092 974 1154
f 1106 1224 1226
f 1226 1109 1106
f 1227 1111 1109
f 1227 1109 1226
f 1098 974 1225
f 1228 963 1098
f 1098 963 974
f 974 963 965
f 1210 1229 1230
f 1210 1230 952
f 1193 1195 1008
f 1231 1156 963
f 963 1228 1231
f 1192 1193 1191
f 968 1191 1193
f 1193 1008 968
f 952 1230 1232
f 1232 950 952
f 1233 1008 1195
f 1233 1195 1234
f 1156 1231 1162
f 1162 1231 1235
f 1236 1165 1235
f 1235 1165 1162
f 1165 1236 1237
f 1237 1167 1165
f 1072 1216 1238
f 1238 1113 1072
f 1113 1238 1239
f 1239 1240 1113
f 1240 1239 1019
f 1019 1239 1213
f 797 793 824
f 1054 824 793
f 1051 1049 1241
f 1241 1049 1034
f 1242 1139 1220
f 1243 1220 1221
f 1243 1221 1244
f 1242 1220 1243
f 1245 1181 1174
f 1174 1181 1180
f 1244 1221 1181
f 1244 1181 1245
f 1246 1147 1051
f 1051 1147 1050
f 1167 1237 1247
f 1247 1178 1167
f 1052 1138 1137
f 1155 1138 1052
f 1139 1052 1137
f 1242 1052 1139
f 1174 1180 1190
f 1190 1045 1174
f 1054 793 1138
f 1054 1138 1155
f 1248 1249 1250
f 1250 1159 1248
f 1007 1203 968
f 1202 968 1203
f 1203 1007 1009
f 1009 1249 1203
f 1251 1249 1009
f 1250 1249 1251
f 1250 1251 1252
f 1252 1251 1253
f 1006 1254 1255
f 1256 1006 1255
f 1208 845 448
f 1003 1257 1004
f 1003 1258 1257
f 1259 1260 1248
f 1259 1248 1261
f 1257 1258 1262
f 1262 1258 1263
f 1262 1263 1169
f 1169 1263 1170
f 888 1264 1265
f 929 1264 888
f 704 705 882
f 882 705 1266
f 1267 1268 1265
f 1267 1227 1268
f 888 1265 1268
f 1268 891 888
f 1076 995 994
f 994 1269 1076
f 1270 1080 1075
f 1270 1075 1076
f 1271 979 1080
f 1173 971 1244
f 1200 1272 1244
f 1200 1244 972
f 972 1244 971
f 1078 1218 1217
f 1217 1067 1078
f 1242 1272 1200
f 1264 929 1273
f 957 1273 929
f 960 1052 961
f 961 1052 1200
f 1200 1052 1242
f 1087 1222 1218
f 1218 1078 1087
f 1222 1087 1092
f 1044 970 971
f 971 1173 1044
f 1047 966 1044
f 970 1044 966
f 968 1046 1191
f 967 1046 968
f 1046 966 1047
f 966 1046 967
f 959 1053 1052
f 959 1052 960
f 1206 1189 1053
f 1053 959 1206
f 867 762 1206
f 1206 762 1189
f 1274 1275 1201
f 1276 1275 1274
f 1276 1277 1278
f 1276 1278 1275
f 961 1199 1279
f 1280 961 1279
f 972 1279 1199
f 1279 972 1281
f 1282 1283 1278
f 1255 1282 1278
f 1152 1093 1284
f 1284 1093 1089
f 1255 1278 1277
f 1254 1282 1255
f 1278 1121 966
f 1275 966 1122
f 1122 1201 1275
f 1201 1122 968
f 1201 968 1202
f 1278 966 1275
f 1281 972 969
f 969 1283 1281
f 1004 1117 1120
f 1004 1120 1005
f 1257 1197 1117
f 1004 1257 1117
f 1283 969 1121
f 1121 1278 1283
f 1119 958 961
f 1119 961 1280
f 1279 1282 1285
f 1279 1285 1120
f 1006 1285 1282
f 1006 1282 1254
f 1005 1120 1006
f 1006 1120 1285
f 1118 1205 1119
f 1119 1205 958
f 1259 1201 1204
f 1274 1201 1259
f 1259 1204 1203
f 1259 1203 1260
f 1206 1205 1286
f 1286 867 1206
f 1198 1286 1118
f 1118 1286 1205
f 1211 1287 1288
f 1211 1288 1024
f 1009 1008 1233
f 1198 867 1286
f 1260 1203 1248
f 1248 1203 1249
f 1213 1289 1287
f 1287 1211 1213
f 1213 1290 1289
f 1159 1250 1252
f 1252 1161 1159
f 1024 1288 1291
f 1291 1025 1024
f 1025 1291 1026
f 1160 1161 1252
f 1292 1252 1293
f 1160 1252 1292
f 1292 1294 1160
f 867 1286 866
f 866 1286 1295
f 866 1295 1296
f 1296 1295 1286
f 1286 1198 1296
f 1198 1197 1296
f 1296 1197 1297
f 1262 1297 1197
f 1197 1257 1262
f 866 1296 1298
f 1299 868 866
f 866 1298 1299
f 875 868 1299
f 1296 1297 875
f 875 1297 1207
f 868 875 874
f 1169 1207 1297
f 1297 1262 1169
f 874 786 868
f 1172 723 1169
f 1169 723 1207
f 723 1172 725
f 1300 725 1172
f 877 725 1300
f 1301 1023 1302
f 1302 1023 1021
f 1303 1037 1301
f 1301 1037 1023
f 912 1115 1018
f 1215 1056 1150
f 1215 1150 1149
f 1129 1304 948
f 948 1304 1305
f 1215 1149 1129
f 1129 1149 1304
f 948 1305 1306
f 1306 947 948
f 947 1306 942
f 942 1306 1307
f 1056 1033 1150
f 1058 1033 1056
f 1151 1033 1057
f 1057 1033 1058
f 942 1307 1308
f 1308 939 942
f 939 1308 1309
f 1309 940 939
f 940 1309 1310
f 1310 1216 940
f 1057 1031 1151
f 1219 1021 1057
f 1057 1021 1031
f 1219 1302 1021
f 1153 1037 1303
f 1037 1153 1311
f 1241 1034 1037
f 1037 1311 1241
f 973 1241 1153
f 1153 1241 1311
f 1312 1241 973
f 1241 1312 1051
f 965 1051 1312
f 1246 1051 965
f 1147 1246 965
f 962 1147 965
f 912 1114 1115
f 912 1073 1114
f 913 1073 912
f 964 1147 962
f 964 1164 1147
f 1157 1313 964
f 964 1313 1164
f 1136 1164 1313
f 1313 1135 1136
f 1135 1313 1157
f 1163 1133 1135
f 1163 1135 1157
f 1133 1163 1314
f 1097 1133 1314
f 1097 1314 1315
f 1097 1315 1316
f 1316 1094 1097
f 1227 1317 1268
f 1318 1001 1316
f 1227 1226 1317
f 1177 1001 1318
f 1177 1002 1001
f 916 1268 1317
f 891 1268 916
f 1007 968 1008
f 1226 916 1317
f 1009 1233 1251
f 1251 1233 1234
f 1226 1319 1317
f 1224 1319 1226
f 1094 1316 1001
f 1319 917 916
f 916 1317 1319
f 1287 1320 1288
f 1287 1321 1320
f 1289 1321 1287
f 1290 1322 1289
f 1289 1322 1321
f 1284 1319 1224
f 1242 1243 1244
f 1242 1244 1272
f 1173 1244 1245
f 1173 1245 1174
f 1323 1237 1112
f 1319 1284 917
f 1247 1237 1323
f 1284 978 917
f 1038 1031 1143
f 1032 1031 1038
f 1038 1324 1274
f 1038 1274 1039
f 1325 1029 1141
f 1141 1143 1325
f 1143 1021 1325
f 1021 1029 1325
f 1021 1020 1029
f 1021 1143 1031
f 1038 1277 1324
f 1027 1029 1022
f 1020 1022 1029
f 1142 1277 1038
f 978 1284 927
f 927 1284 1326
f 1141 1255 1277
f 1142 1141 1277
f 1027 1022 1036
f 1036 1175 1027
f 1029 1256 1141
f 1141 1256 1255
f 1029 1006 1256
f 1030 1006 1029
f 1033 1179 1040
f 1033 1040 1148
f 1149 1040 1327
f 1028 1003 1006
f 1006 1030 1028
f 1040 1149 1148
f 1304 1328 1329
f 1329 1305 1304
f 1149 1327 1328
f 1328 1304 1149
f 1305 1329 1306
f 1306 1329 1330
f 1176 1258 1003
f 1176 1003 1028
f 1306 1330 1331
f 1331 1307 1306
f 1033 1038 1179
f 1032 1038 1033
f 1064 1214 1069
f 1069 1332 1064
f 1327 1259 1261
f 1327 1261 1248
f 1259 1327 1040
f 1307 1331 1333
f 1333 1308 1307
f 1248 1328 1327
f 1308 1333 1334
f 1334 1309 1308
f 1039 1274 1259
f 1039 1259 1040
f 1328 1248 1329
f 1329 1248 1159
f 1144 1326 1284
f 1309 1334 1335
f 1335 1310 1309
f 1329 1159 1330
f 1330 1159 1158
f 1036 1035 1063
f 1036 1063 1175
f 1160 1330 1158
f 1336 1055 1070
f 1331 1330 1160
f 1070 1055 1069
f 1331 1160 1333
f 1333 1160 1294
f 994 1063 1337
f 1337 1063 1035
f 1049 1337 1035
f 1049 994 1337
f 1333 1294 1338
f 1338 1334 1333
f 994 1049 1269
f 1263 1258 1062
f 1062 1258 1176
f 993 1170 1263
f 993 1263 1062
f 1076 1269 1049
f 1048 1076 1049
f 1284 1089 1144
f 1050 1076 1048
f 1171 1170 993
f 1050 1270 1076
f 996 1171 993
f 927 1339 926
f 1326 1339 927
f 1326 1068 1339
f 1144 1068 1326
f 1080 1270 1050
f 1146 1080 1050
f 995 1171 996
f 995 1340 1171
f 1180 1182 1190
f 1190 1182 1184
f 877 1171 1340
f 877 1340 1011
f 1224 1152 1284
f 1145 1080 1146
f 1145 1271 1080
f 1011 1340 995
f 1074 1011 995
f 1103 1102 1184
f 1190 1184 1102
f 1075 1011 1074
f 1341 1011 1075
f 705 703 1341
f 1341 703 1011
f 705 1341 1075
f 705 1075 1082
f 1271 1145 1136
f 1342 1271 1136
f 950 1343 951
f 1342 977 1271
f 1271 977 979
f 977 1342 1136
f 1081 1266 705
f 1081 705 1082
f 1134 976 977
f 977 1136 1134
f 1266 1081 979
f 882 1266 708
f 708 1266 979
f 1332 933 926
f 1332 926 1339
f 708 979 980
f 1132 1108 976
f 1132 976 1134
f 1096 1344 1108
f 1108 1132 1096
f 708 980 975
f 975 706 708
f 886 711 975
f 975 711 706
f 1264 1345 1267
f 1264 1267 1265
f 1212 1213 1211
f 913 1071 1073
f 935 1071 913
f 935 1070 1071
f 936 1070 935
f 933 1069 985
f 1332 1069 933
f 955 1346 1210
f 907 1012 1015
f 954 1346 955
f 934 1016 1012
f 1012 907 934
f 923 1018 1016
f 1016 934 923
f 912 1018 923
f 1282 1279 1281
f 1282 1281 1283
f 1280 1279 1120
f 1280 1120 1119
f 1223 1301 1302
f 1223 1302 1219
f 1153 1303 1223
f 1223 1303 1301
f 907 1015 1347
f 1277 1276 1274
f 1324 1277 1274
f 999 1070 936
f 999 1336 1070
f 965 1312 973
f 999 1055 1336
f 998 1055 999
f 1314 1163 1166
f 1166 1315 1314
f 1298 1296 1299
f 1299 1296 875
f 1168 1316 1315
f 1315 1166 1168
f 1098 1225 1092
f 1092 1091 1098
f 1228 1098 1231
f 1231 1098 1101
f 1107 1235 1231
f 1231 1101 1107
f 1339 1064 1332
f 1339 1068 1064
f 1235 1107 1110
f 1110 1236 1235
f 1236 1110 1237
f 1237 1110 1112
f 1300 1172 1171
f 1300 1171 877
f 737 735 884
f 884 735 956
f 1240 1019 1113
f 1316 1168 1318
f 1318 1168 1177
f 1010 992 998
f 998 992 1055
f 1010 1214 992
f 985 1214 1010
f 985 1069 1214
f 1348 1349 1350
f 1351 1352 1353
f 1353 1352 1354
f 1355 1356 1357
f 1355 1357 1358
f 1359 1356 1355
f 1360 1359 1355
f 1361 1362 1363
f 1363 1362 101
f 1363 101 103
f 103 1364 1363
f 1365 1366 1367
f 1368 1367 1366
f 1368 1353 1369
f 83 1370 84
f 83 1371 1370
f 1358 1357 1370
f 1358 1370 1371
f 1372 1373 1374
f 1375 1376 1377
f 1377 1376 1378
f 1377 1378 1379
f 1379 1380 1377
f 1381 1382 1383
f 1380 1379 1384
f 1384 1379 1385
f 1384 1385 1386
f 1386 1385 1387
f 1386 1387 1388
f 1388 1387 1389
f 1388 1389 1390
f 1390 1389 1391
f 1392 1393 1394
f 1392 1395 1393
f 1396 1397 1395
f 1395 1397 1393
f 1398 1391 1399
f 1390 1391 1398
f 1397 1396 1400
f 1400 1401 1397
f 1402 1403 1404
f 1402 1404 1405
f 1406 1407 1408
f 1408 1407 1409
f 1410 69 1411
f 70 1411 69
f 1412 1404 1413
f 1411 1412 1413
f 1411 1413 1410
f 1414 1415 1416
f 1405 1404 1412
f 1415 1417 1416
f 1415 1414 1417
f 1417 1414 1418
f 1398 1399 1419
f 1419 1420 1398
f 1421 1416 1417
f 1402 1420 1419
f 1402 1419 1403
f 1392 1394 1416
f 1392 1416 1421
f 1422 1423 1424
f 1425 1426 1427
f 1427 1428 1425
f 1429 1430 1425
f 1425 1430 1426
f 1431 1432 1430
f 1430 1429 1431
f 1433 294 69
f 68 69 294
f 1378 1376 1434
f 1434 1376 1435
f 1378 1434 1379
f 1379 1434 1436
f 1379 1436 1437
f 1379 1437 1385
f 369 1438 83
f 1385 1437 1439
f 1440 1441 1442
f 1442 1441 1364
f 1385 1439 1443
f 1438 369 1358
f 1440 1442 370
f 370 1442 371
f 1389 1439 1444
f 1445 1355 1358
f 1445 1358 369
f 1445 1446 1355
f 1443 1439 1389
f 1406 1447 1355
f 1406 1355 1446
f 1389 1444 1448
f 1389 1448 1391
f 1391 1448 1449
f 1391 1449 1450
f 1419 1449 1451
f 1450 1449 1419
f 1414 1424 1452
f 1414 1452 1453
f 1357 1454 1455
f 1455 1454 1456
f 1453 1452 1359
f 1359 1452 1457
f 1359 1457 1454
f 1454 1457 1456
f 1458 1459 1460
f 1458 1460 1461
f 1462 1463 1464
f 1464 1463 1465
f 1461 1460 1466
f 1466 1460 1467
f 1468 1469 1470
f 1468 1470 1471
f 1459 1472 1473
f 1473 1460 1459
f 1466 1467 1469
f 1466 1469 1468
f 1474 1419 1451
f 1475 1404 1474
f 1403 1419 1404
f 1404 1419 1474
f 1404 1475 1465
f 1464 1465 1475
f 1476 1470 1477
f 1471 1470 1476
f 1433 69 1462
f 1463 1462 69
f 1374 1478 1479
f 1478 1374 1480
f 1481 1482 1483
f 1479 1478 1372
f 1483 1482 1484
f 1485 1372 1478
f 1483 1484 1486
f 1486 1487 1483
f 1372 1485 1488
f 1488 1485 1489
f 1476 1477 1482
f 1476 1482 1481
f 1490 1488 1489
f 1490 1489 1400
f 1372 1488 1490
f 1396 1490 1400
f 1491 1492 1493
f 1491 1493 1396
f 1490 1396 1493
f 1494 1495 1496
f 84 1494 1496
f 84 1370 1494
f 1494 1370 1495
f 1392 1497 1491
f 1491 1497 1498
f 1498 1381 1491
f 1497 1381 1498
f 1499 1381 1497
f 1381 1492 1491
f 1357 1455 1370
f 1370 1455 1495
f 1500 1501 1502
f 1502 1501 1503
f 1504 1445 401
f 401 1445 369
f 1447 1406 1500
f 1406 1501 1500
f 1501 1406 1503
f 1462 1407 1504
f 1504 1407 1445
f 1386 1388 1390
f 1417 1502 1497
f 1497 1502 1505
f 1506 1505 1502
f 1506 1497 1505
f 1497 1506 1499
f 1506 1502 1503
f 1352 1507 1508
f 1508 1354 1352
f 1416 1422 1509
f 1480 1374 1352
f 1352 1374 1507
f 1478 1480 1352
f 1358 1371 83
f 1509 1424 1414
f 1424 1509 1510
f 1422 1424 1510
f 1510 1509 1422
f 1354 1508 1511
f 1511 1512 1354
f 1353 1354 1369
f 1369 1354 1512
f 1369 1512 1511
f 1369 1511 1513
f 1514 1368 1369
f 1369 1515 1514
f 1515 1516 1514
f 1514 1516 1368
f 1515 1369 1513
f 1517 1518 1519
f 1519 1520 1517
f 1521 1349 1517
f 1517 1349 1518
f 1520 1519 1522
f 1522 1519 1361
f 1487 1486 1350
f 1350 1523 1487
f 1374 1373 1435
f 1523 1350 1349
f 1349 1521 1523
f 1435 1373 1372
f 1372 1434 1435
f 1522 1361 1363
f 1363 1524 1522
f 1524 1363 1441
f 1441 1363 1364
f 1436 1525 1526
f 1526 1525 1490
f 1439 1526 1490
f 1439 1490 1383
f 1434 1372 1525
f 1525 1436 1434
f 1527 1449 1528
f 1527 1528 1506
f 1474 1527 1506
f 1474 1506 1529
f 1449 1527 1474
f 1382 1444 1383
f 1381 1444 1382
f 1444 1381 1530
f 1439 1383 1444
f 1528 1449 1381
f 1530 1381 1449
f 1531 1532 1533
f 1534 1533 1532
f 1409 1464 1408
f 1464 1535 1408
f 1464 1409 1462
f 1462 1409 1407
f 1474 1529 1535
f 1535 1529 1408
f 1536 1428 1537
f 1538 1428 1536
f 1539 1540 1541
f 1385 1443 1389
f 1387 1385 1389
f 1391 1450 1419
f 1399 1391 1419
f 1410 1465 1463
f 1463 69 1410
f 1542 1386 1390
f 1543 1544 1545
f 885 1546 1547
f 1548 1546 885
f 1436 1526 1439
f 1437 1436 1439
f 1525 1372 1490
f 1451 1449 1474
f 1490 1493 1383
f 1383 1493 1492
f 487 486 885
f 885 1547 487
f 1444 1530 1449
f 1549 1441 1550
f 1551 1524 1549
f 1549 1524 1441
f 1440 1550 1441
f 1550 1440 483
f 483 1440 370
f 1408 1503 1406
f 1466 1468 1471
f 1507 1552 1553
f 1553 1508 1507
f 1475 1474 1464
f 1464 1474 1535
f 1554 1458 1461
f 1461 1555 1554
f 1555 1461 1556
f 1556 1461 1466
f 1556 1466 1557
f 1557 1466 1558
f 1557 1558 1559
f 1559 1558 1471
f 1560 1559 1471
f 1560 1471 1476
f 1561 1481 1483
f 1561 1483 1562
f 83 1438 1358
f 1562 1483 1563
f 1563 1483 1487
f 1561 1476 1481
f 1476 1561 1560
f 1522 1551 1564
f 1564 1565 1522
f 1522 1565 1566
f 1567 1517 1520
f 1520 1568 1567
f 1569 1521 1567
f 1567 1521 1517
f 1570 1571 1540
f 1568 1520 1565
f 1565 1520 1566
f 1563 1487 1572
f 1572 1487 1523
f 1572 1523 1569
f 1569 1523 1521
f 1551 1522 1524
f 1491 1396 1395
f 1491 1395 1392
f 1485 1573 1400
f 1574 509 508
f 1421 1417 1392
f 1417 1418 1500
f 1575 1576 1577
f 1577 1578 1575
f 1579 1580 1581
f 288 1504 401
f 1504 288 294
f 1424 1431 1452
f 1452 1431 1429
f 1455 1456 1538
f 1538 1456 1428
f 1495 1455 1536
f 1536 1455 1538
f 1452 1429 1457
f 1457 1429 1425
f 1457 1425 1456
f 1456 1425 1428
f 1582 1495 1583
f 1583 1495 1536
f 1423 1584 1424
f 1431 1424 1584
f 1414 1453 1359
f 1359 1454 1357
f 1585 1586 1578
f 1578 1577 1585
f 1448 1444 1449
f 1587 1588 1589
f 1590 1588 1587
f 1588 1590 1591
f 1591 1592 1588
f 1407 1406 1445
f 1445 1406 1446
f 1381 1499 1506
f 1506 1528 1381
f 1360 1355 1500
f 1447 1500 1355
f 1552 1507 1374
f 1593 1540 1539
f 1551 1549 1550
f 1594 1551 1550
f 1460 1473 1469
f 1460 1469 1467
f 1515 1513 1532
f 1558 1466 1471
f 1413 1404 1465
f 1413 1465 1410
f 1595 1411 70
f 1595 70 378
f 1400 1489 1485
f 1573 1485 1596
f 1596 1485 1478
f 1497 1392 1417
f 1500 1502 1417
f 1597 1598 1599
f 1362 1600 1601
f 863 1602 861
f 1596 1478 1351
f 1351 1366 1596
f 1366 1351 1353
f 1353 1368 1366
f 1603 1596 1366
f 1366 1365 1603
f 1604 1414 1359
f 1359 1357 1356
f 1495 1582 1496
f 1605 1606 1607
f 1606 1608 1609
f 1610 1611 1612
f 1610 1612 1613
f 1614 1615 1613
f 1613 1612 1614
f 1615 1614 1616
f 1616 1614 1617
f 1611 1375 1612
f 1612 1375 1377
f 1612 1377 1380
f 1380 1614 1612
f 1616 1617 1618
f 1618 1619 1616
f 1614 1380 1384
f 1384 1617 1614
f 1619 1618 1620
f 1620 1621 1619
f 1621 1620 1622
f 1622 1620 1623
f 1372 1374 1479
f 1622 1623 1571
f 1571 1624 1622
f 1618 1384 1386
f 1384 1618 1617
f 1618 1386 1620
f 1620 1386 1542
f 1620 1542 1390
f 1390 1623 1620
f 1623 1390 1398
f 1398 1571 1623
f 1529 1506 1503
f 1529 1503 1408
f 1383 1492 1381
f 1374 1625 1552
f 1416 1509 1414
f 1362 1626 612
f 1362 612 101
f 1601 1627 1626
f 1601 1626 1362
f 1540 1402 1405
f 1540 1405 1541
f 1628 1348 1593
f 1593 1348 1540
f 1628 1593 1600
f 1600 1593 1539
f 1600 1539 1601
f 1601 1539 1627
f 1624 1571 1629
f 1629 1571 1570
f 612 1626 1595
f 612 1595 378
f 1629 1570 1540
f 1540 1348 1629
f 1626 1411 1595
f 1626 1627 1411
f 1539 1412 1411
f 1539 1411 1627
f 1541 1405 1412
f 1412 1539 1541
f 1420 1402 1398
f 1571 1398 1402
f 1402 1540 1571
f 1531 1515 1532
f 1364 103 100
f 100 1442 1364
f 1442 100 622
f 622 371 1442
f 1630 1631 1632
f 294 1462 1504
f 1433 1462 294
f 1459 1610 1472
f 1613 1473 1610
f 1472 1610 1473
f 1473 1613 1469
f 1469 1613 1615
f 1469 1615 1470
f 1470 1615 1616
f 1470 1616 1477
f 1477 1616 1619
f 1477 1619 1621
f 1477 1621 1482
f 1482 1621 1484
f 1484 1621 1622
f 1484 1622 1624
f 1624 1486 1484
f 1604 1500 1414
f 1500 1418 1414
f 1360 1500 1359
f 1359 1500 1604
f 1352 1351 1478
f 1522 1566 1520
f 1349 1348 1628
f 1628 1518 1349
f 1628 1519 1518
f 1519 1628 1600
f 1519 1600 1362
f 1519 1362 1361
f 1486 1624 1350
f 1350 1624 1629
f 1348 1350 1629
f 1633 1634 1635
f 1636 1634 1633
f 1637 1638 1639
f 1639 1638 1640
f 1634 1636 1641
f 1641 1002 1634
f 1002 1641 1000
f 1642 1643 1644
f 1645 1646 712
f 712 713 1645
f 1646 1645 1647
f 1647 1645 1648
f 1647 1648 1649
f 887 1108 1650
f 1650 1108 1344
f 1650 1344 1651
f 1651 1652 1650
f 863 861 862
f 1653 1654 1655
f 1656 1657 1658
f 1658 1657 1659
f 1652 1651 1660
f 1660 1661 1652
f 1661 1660 1585
f 1585 1660 1586
f 1662 1663 1664
f 1665 1606 1609
f 1665 1607 1606
f 1666 1597 1599
f 1667 1668 1669
f 1669 1668 1670
f 1557 1559 1560
f 1671 1557 1560
f 1672 1673 1674
f 1675 1676 1677
f 1677 1676 818
f 1678 1644 1643
f 1679 1680 1681
f 1177 1178 1682
f 1682 1178 1683
f 1631 1630 1684
f 1684 1685 1631
f 1686 1681 1680
f 1687 1688 1689
f 1587 1589 1690
f 1691 1692 1655
f 1693 1694 1695
f 1696 1655 1654
f 1697 1581 1580
f 1698 1699 1700
f 1664 1701 1662
f 1605 1607 1665
f 1702 1681 1644
f 1703 1704 1705
f 1705 1704 1706
f 1707 1708 1709
f 1676 819 818
f 1710 1711 1712
f 1713 1714 1715
f 1715 1714 819
f 1715 819 1676
f 1713 1716 1714
f 1717 1718 1719
f 1719 1720 1717
f 1639 1640 1721
f 1644 1673 1642
f 1642 1673 1672
f 1642 1672 1643
f 1643 1672 1674
f 1673 1722 1723
f 1644 1681 1722
f 1644 1722 1673
f 1724 1725 1726
f 1727 1724 1728
f 1724 1727 1725
f 1727 1728 1729
f 1727 1729 1680
f 1730 1726 1725
f 1731 1732 1726
f 1731 1726 1730
f 1732 1731 1733
f 1734 1732 1735
f 1735 1732 1668
f 1735 1668 1667
f 1667 1736 1735
f 1736 1667 1669
f 1669 1737 1736
f 1736 1667 1731
f 1731 1667 1733
f 1680 1729 1738
f 1738 1686 1680
f 1681 1738 1722
f 1738 1681 1686
f 1739 1740 1741
f 1741 1742 1739
f 1743 1744 1713
f 1713 1744 1716
f 818 850 1677
f 1699 1713 1700
f 1700 1713 1675
f 1742 1741 1745
f 1745 1741 1746
f 1745 1746 1744
f 1744 1743 1745
f 1700 1675 850
f 850 1675 1677
f 1747 1748 1740
f 1740 1739 1747
f 1643 1674 1748
f 1748 1747 1643
f 1635 1749 1684
f 1684 1749 1685
f 1714 1750 819
f 819 1750 863
f 1751 1644 1752
f 1752 1644 1678
f 1752 1678 1643
f 1643 1753 1752
f 1754 1681 1755
f 1755 1681 1702
f 1755 1702 1644
f 1644 1751 1755
f 1606 1730 1727
f 1609 1727 1680
f 1727 1609 1608
f 1606 1727 1608
f 1605 1731 1606
f 1606 1731 1730
f 1607 1731 1605
f 1607 1756 1731
f 1757 1735 1758
f 1758 1735 1736
f 1736 1605 1758
f 1605 1736 1731
f 1609 1680 1759
f 1759 1680 1679
f 1754 1759 1681
f 1681 1759 1679
f 1598 1739 1599
f 1597 1739 1598
f 1597 1747 1739
f 1599 1742 1760
f 1761 1760 1742
f 1722 1690 1762
f 1738 1690 1722
f 1742 1599 1739
f 1763 1743 1699
f 1699 1743 1713
f 1760 1743 1763
f 1760 1761 1743
f 1674 1764 1581
f 1673 1765 1764
f 1764 1674 1673
f 1673 1766 1765
f 1766 1673 1723
f 1753 1643 1597
f 1597 1643 1747
f 1722 1762 1723
f 1723 1762 1766
f 1767 1591 1590
f 1590 1724 1767
f 1724 1590 1728
f 1728 1590 1587
f 1768 1587 1690
f 1729 1728 1768
f 1768 1728 1587
f 1729 1768 1690
f 1732 1695 1668
f 1695 1668 1693
f 1693 1668 1667
f 1668 1695 1769
f 1769 1670 1668
f 1769 1695 1694
f 1670 1769 1669
f 1669 1769 1694
f 1694 1693 1669
f 1667 1669 1693
f 1729 1690 1738
f 1580 1741 1740
f 1741 1580 1770
f 1744 1771 1714
f 1714 1771 1750
f 1744 1772 1771
f 1741 1773 1746
f 1741 1770 1773
f 1746 1773 1744
f 1744 1773 1772
f 1748 1697 1740
f 1740 1697 1580
f 1748 1674 1581
f 1748 1581 1697
f 1774 1687 1689
f 1649 1775 1776
f 1777 1775 1649
f 1778 1691 1655
f 1602 1550 483
f 1602 483 861
f 863 1594 1602
f 1602 1594 1550
f 1750 1551 863
f 863 1551 1594
f 1649 1776 1647
f 1690 1589 1557
f 1557 1589 1556
f 1721 1698 1779
f 1779 1698 1780
f 1690 1557 1671
f 1690 1671 1762
f 1762 1671 1560
f 1762 1560 1766
f 1765 1561 1764
f 1764 1561 1562
f 1781 1700 509
f 509 1700 850
f 1764 1562 1581
f 1581 1562 1563
f 1779 1700 1781
f 1766 1560 1561
f 1561 1765 1766
f 1700 1779 1780
f 1700 1780 1698
f 1592 1554 1555
f 1592 1555 1588
f 1556 1589 1555
f 1588 1555 1589
f 1771 1564 1750
f 1750 1564 1551
f 1772 1564 1771
f 1772 1565 1564
f 1773 1568 1772
f 1567 1568 1569
f 1580 1569 1773
f 1773 1569 1568
f 1565 1772 1568
f 1581 1563 1572
f 1572 1579 1581
f 1579 1572 1580
f 1580 1572 1569
f 1708 1753 1597
f 1708 1597 1709
f 1707 1782 1751
f 1707 1751 1752
f 1707 1753 1708
f 1707 1752 1753
f 1783 1754 1784
f 1784 1754 1755
f 1784 1755 1751
f 1751 1782 1784
f 1785 1606 1665
f 1785 1665 1786
f 1646 1548 885
f 885 712 1646
f 1647 1787 1646
f 1646 1787 1548
f 1785 1719 1605
f 1786 1665 1606
f 1606 1785 1786
f 1785 1605 1665
f 1717 1757 1718
f 1547 1574 487
f 487 1574 508
f 1758 1718 1757
f 1788 1721 1779
f 1779 1546 1788
f 1718 1758 1605
f 1718 1605 1719
f 1546 1779 1574
f 1574 1547 1546
f 1786 1665 1609
f 1609 1789 1786
f 1790 1759 1754
f 1754 1783 1790
f 1789 1609 1790
f 1790 1609 1759
f 1640 1760 1721
f 1721 1760 1698
f 1638 1599 1760
f 1638 1760 1640
f 1637 1599 1638
f 1637 1666 1599
f 1709 1597 1637
f 1637 1597 1666
f 1704 1709 1706
f 1706 1709 1637
f 1782 1791 1543
f 1703 1709 1704
f 1791 1707 1703
f 1703 1707 1709
f 1791 1782 1707
f 1784 1782 1783
f 1545 1783 1782
f 1545 1782 1543
f 1776 1792 1647
f 1647 1792 1787
f 1775 1706 1776
f 1792 1776 1706
f 1777 1706 1775
f 1793 1703 1777
f 1777 1703 1705
f 1706 1777 1705
f 1712 1719 1710
f 1719 1712 1720
f 1682 1002 1177
f 1710 1719 1711
f 1711 1719 1785
f 1002 1682 1794
f 1688 1543 1689
f 1689 1543 1791
f 1713 1715 1676
f 1713 1676 1675
f 1795 1711 1786
f 1786 1711 1785
f 1656 1796 1682
f 1682 1796 1794
f 1712 1720 1797
f 1797 1720 1717
f 1689 1791 1793
f 1703 1793 1791
f 1002 1794 1634
f 1634 1794 1796
f 1712 1797 1717
f 1720 1712 1717
f 1687 1543 1688
f 1687 1544 1543
f 1795 1786 1789
f 1795 1789 1798
f 1658 1749 1656
f 1656 1749 1796
f 1654 1545 1687
f 1687 1545 1544
f 1635 1634 1796
f 1635 1796 1749
f 1799 1685 1658
f 1685 1749 1658
f 1800 1790 1783
f 1783 1545 1800
f 1798 1789 1800
f 1800 1789 1790
f 1787 1721 1788
f 1721 1787 1801
f 1792 1639 1801
f 1792 1801 1787
f 1721 1801 1639
f 1802 1803 1712
f 1712 1804 1802
f 1706 1637 1792
f 1691 1711 1692
f 1792 1637 1639
f 1692 1711 1795
f 1712 1805 1804
f 1805 1711 1691
f 1805 1712 1711
f 1692 1795 1655
f 1655 1795 1798
f 1653 1800 1545
f 1545 1654 1653
f 1800 1653 1655
f 1655 1798 1800
f 1730 1725 1727
f 1742 1745 1743
f 1761 1742 1743
f 1733 1667 1732
f 1732 1667 1668
f 1744 1714 1716
f 1344 1096 1095
f 1651 1344 1095
f 1650 1645 887
f 887 1645 713
f 1652 1648 1650
f 1650 1648 1645
f 1760 1763 1699
f 1760 1699 1698
f 1000 1660 1651
f 1000 1651 1095
f 1641 1586 1660
f 1660 1000 1641
f 1636 1578 1641
f 1586 1641 1578
f 1684 1701 1806
f 1806 1635 1684
f 1633 1575 1636
f 1578 1636 1575
f 1635 1575 1633
f 1575 1635 1806
f 1575 1806 1701
f 1701 1664 1575
f 1630 1662 1701
f 1701 1684 1630
f 1661 1649 1652
f 1652 1649 1648
f 1548 1788 1546
f 1787 1788 1548
f 1649 1661 1585
f 1585 1777 1649
f 1577 1793 1585
f 1585 1793 1777
f 1664 1687 1774
f 1774 1575 1664
f 1663 1654 1664
f 1664 1654 1687
f 1662 1696 1654
f 1662 1654 1663
f 1632 1807 1630
f 1630 1807 1662
f 1807 1632 1808
f 1576 1689 1793
f 1793 1577 1576
f 1689 1576 1575
f 1689 1575 1774
f 1655 1807 1808
f 1808 1778 1655
f 1809 1691 1808
f 1808 1691 1778
f 1809 1805 1691
f 1807 1655 1662
f 1696 1662 1655
f 1773 1770 1580
f 509 1574 1779
f 1779 1781 509
f 1810 1811 1812
f 1810 1813 1811
f 1814 1810 1812
f 1810 1814 1815
f 1816 1817 1814
f 1814 1818 1816
f 1819 1820 1821
f 1822 1820 1819
f 1823 1824 1822
f 1825 1822 1824
f 1826 1822 1819
f 897 893 1827
f 893 897 896
f 1816 1828 1829
f 1816 1829 1830
f 1824 1831 893
f 893 892 1824
f 1832 1825 1824
f 1824 903 1832
f 1833 1834 937
f 937 897 1833
f 1835 1836 1837
f 1835 1837 1838
f 1838 1837 1839
f 1838 1839 1840
f 1829 1841 1842
f 1843 1837 1844
f 1840 1845 1846
f 896 894 893
f 1826 897 1827
f 1833 897 1826
f 1827 893 1826
f 1831 1826 893
f 1832 1822 1825
f 1832 1813 1822
f 1818 1814 1812
f 1812 1847 1818
f 1826 1823 1822
f 1819 1833 1826
f 1848 1833 1819
f 1813 1810 1822
f 1831 1823 1826
f 1824 1823 1831
f 1820 1822 1810
f 1839 1837 1843
f 1849 1835 1838
f 1849 1838 1840
f 1850 1851 1852
f 1853 1852 1851
f 1849 1850 1835
f 1851 1850 1854
f 1854 1850 1849
f 1854 1849 1855
f 1855 1849 1840
f 1855 1840 1856
f 1856 1840 1857
f 1857 1840 1858
f 1858 1840 1846
f 1846 1857 1858
f 1857 1846 1859
f 1859 1846 1860
f 1859 1860 1861
f 1862 1863 1799
f 1799 1864 1862
f 1865 1866 1867
f 1868 1869 1870
f 1870 1869 1871
f 1872 1870 1873
f 1873 1874 1872
f 1836 1875 1872
f 1836 1872 1837
f 1837 1872 1844
f 1844 1872 1874
f 1876 1877 1878
f 1879 1880 1632
f 1881 1882 1883
f 1883 1882 1884
f 1885 1886 1887
f 1887 1888 1885
f 1889 1890 1887
f 1887 1890 1891
f 1877 1876 1885
f 1892 1893 1894
f 1894 1895 1892
f 1896 1897 1898
f 1899 1898 1897
f 1900 1901 1902
f 1902 1903 1900
f 1903 1902 1904
f 1904 1905 1903
f 1906 1907 1908
f 1909 1910 1911
f 1912 1911 1910
f 1913 1914 1915
f 1913 1915 1916
f 1911 1912 1917
f 1917 1912 1918
f 1919 1920 1921
f 1922 1923 1924
f 1925 1922 1924
f 1925 1924 1926
f 1927 1928 1929
f 1917 1918 1930
f 1930 1918 1931
f 1930 1931 1932
f 1933 1934 1935
f 1933 1935 1936
f 1937 1933 1932
f 1933 1937 1934
f 1937 1932 1931
f 1936 1935 1938
f 1938 1935 1939
f 1940 1938 1941
f 1939 1935 1941
f 1941 1938 1939
f 1940 1941 1942
f 1942 1941 1943
f 1944 1945 1946
f 1942 1943 1947
f 1947 1943 1948
f 1946 1945 1949
f 1950 1910 1909
f 1950 1951 1910
f 1952 1953 1954
f 1955 1956 1957
f 1958 1895 1345
f 1345 1895 1959
f 1960 1878 1961
f 1892 1961 1878
f 1961 1892 1958
f 1958 1892 1895
f 1878 1960 1962
f 1963 1876 1960
f 1962 1960 1876
f 1878 1962 1876
f 1964 1965 1966
f 1966 1965 1967
f 1966 1968 1964
f 1968 1966 1969
f 1964 1966 1967
f 1967 1965 1964
f 1970 1879 1632
f 1971 1884 1972
f 1972 1884 1882
f 1658 1659 1799
f 1799 1659 1864
f 1972 1890 1973
f 1882 1890 1972
f 1889 1973 1890
f 1947 1948 1974
f 1974 1948 1883
f 1974 1883 1971
f 1883 1884 1971
f 1975 1976 1862
f 1973 1887 1977
f 1973 1889 1887
f 1978 1977 1887
f 1886 1978 1887
f 1978 1886 1979
f 1979 1876 1963
f 1979 1886 1876
f 1876 1886 1885
f 1980 1323 1111
f 1111 1323 1112
f 1981 1982 1980
f 1323 1980 1982
f 1345 1982 1981
f 1982 1345 1959
f 1895 1894 1982
f 1895 1982 1959
f 1983 1984 1985
f 1985 1984 1986
f 1987 1988 1989
f 1989 1988 1990
f 1991 1941 1935
f 1992 1917 1930
f 1930 1932 1992
f 1993 1994 1995
f 1996 1993 1995
f 1953 1952 1997
f 1998 1906 1908
f 1999 2000 2001
f 2001 2000 1921
f 1921 2000 1919
f 2002 2003 2004
f 2002 2005 2003
f 2006 1979 1963
f 2006 1963 1960
f 1961 2007 1960
f 2008 1965 1968
f 1968 1965 1964
f 2009 2010 2011
f 2009 2011 2012
f 2013 2014 1964
f 1964 1965 2013
f 1682 1683 1656
f 1656 1683 1657
f 1973 2015 1972
f 2016 2012 1975
f 1975 2012 2017
f 1978 2018 1973
f 1973 1977 1978
f 1862 2019 1975
f 2020 2021 2022
f 2021 2020 2023
f 1111 1227 1267
f 1267 1980 1111
f 2022 2021 2024
f 2022 2024 2025
f 1980 1267 1981
f 1981 1267 1345
f 1912 1910 1918
f 2026 1918 1910
f 2027 2028 2029
f 2030 2031 2032
f 2032 2033 2030
f 2025 2024 2021
f 2025 2021 2034
f 2025 2034 1983
f 1983 2034 1984
f 2035 1996 1995
f 2036 2037 2038
f 2038 1988 2036
f 1988 2038 1990
f 1990 2038 2039
f 1990 2039 2040
f 2040 2039 2041
f 2040 2041 2042
f 2042 2043 2040
f 2043 2042 2044
f 2044 2042 2045
f 2046 1942 1947
f 2046 1947 1974
f 1918 2026 1946
f 1918 1946 2047
f 1918 2047 1931
f 2047 2048 1931
f 2043 2042 2049
f 2049 2042 2050
f 2051 2049 2050
f 2051 2050 2052
f 2053 2054 2055
f 2055 1934 2053
f 2051 2052 2056
f 2056 2052 2057
f 1931 2048 2053
f 2053 2048 2054
f 1934 2055 2058
f 2058 1935 1934
f 1935 2058 1991
f 1991 2058 1997
f 1997 1941 1991
f 1941 1997 2059
f 1941 2059 1943
f 1943 2059 1952
f 2059 1997 1952
f 1943 1952 1948
f 1948 1952 1954
f 1910 1944 1946
f 1946 2026 1910
f 2060 1945 1944
f 2060 1944 1910
f 2022 2025 1983
f 2061 2022 1922
f 1922 2022 1983
f 1922 1983 1923
f 1923 1983 1985
f 1985 1924 1923
f 1924 1985 1986
f 1924 1986 1925
f 1925 1986 1926
f 1926 1986 2062
f 1926 2062 2063
f 2063 2062 2064
f 2065 2001 2066
f 2001 2065 2067
f 2063 2064 1987
f 2063 1987 2068
f 2068 1987 1928
f 1928 1987 1989
f 1928 1989 1990
f 1928 1990 2069
f 2069 1990 2040
f 2069 2040 1929
f 1929 2040 2070
f 2070 2040 2043
f 2070 2043 2071
f 2072 2071 2043
f 2071 2072 2073
f 2073 2072 2051
f 1928 2069 1929
f 1948 1954 2074
f 2074 1883 1948
f 1883 2074 1881
f 1881 2074 2075
f 2076 2077 2078
f 2079 2077 2076
f 1881 2075 1866
f 1866 1890 1881
f 1890 1866 1865
f 1890 1867 1891
f 1890 1865 1867
f 1961 1958 1273
f 1961 1273 2007
f 1891 1867 2080
f 2080 1867 2010
f 2081 2012 2082
f 2012 2016 2082
f 2080 2010 1888
f 1888 2010 2009
f 2012 2081 1888
f 2009 2012 1888
f 1968 1964 2083
f 2083 2084 1968
f 2038 2085 2039
f 2039 2085 2086
f 2087 1657 2088
f 1657 1683 2088
f 2039 2086 2041
f 2041 2086 2089
f 2083 1964 2015
f 2015 1964 2014
f 2041 2089 2042
f 2042 2089 2090
f 2091 937 2092
f 2042 2090 2050
f 2050 2090 2093
f 2088 1683 1247
f 1247 1683 1178
f 2014 2013 1974
f 1974 1971 2014
f 2050 2093 2094
f 2050 2094 2052
f 2057 2052 2094
f 2095 1659 2087
f 1657 2087 1659
f 2096 2097 2094
f 2057 2094 2098
f 2098 2094 2097
f 2099 1864 2095
f 2100 1864 2099
f 1659 2095 1864
f 1972 2015 2014
f 1972 2014 1971
f 2101 2019 2100
f 2100 2019 2102
f 1864 2100 2102
f 1864 2102 2019
f 2019 1862 1864
f 2103 1975 2101
f 2019 2101 1975
f 2003 2104 2105
f 2106 2003 2105
f 2082 1975 2103
f 2082 2016 1975
f 2092 2107 2108
f 2108 2006 2092
f 2092 1833 2107
f 2018 2083 2015
f 2015 1973 2018
f 2107 1833 2108
f 1833 2092 1834
f 1979 2109 2018
f 2018 1978 1979
f 1834 2092 937
f 2063 2110 2111
f 2111 1926 2063
f 1853 2112 2113
f 2085 2113 2112
f 2085 2112 2086
f 2112 1853 1851
f 1851 1854 2112
f 2086 2112 1854
f 2086 1854 2089
f 2089 1854 2090
f 2090 1854 1855
f 2090 1855 1856
f 2090 1856 2094
f 2094 1856 1857
f 2114 1922 2115
f 2115 1922 1925
f 2094 1857 2096
f 2096 1857 1859
f 2115 1925 1926
f 1926 2030 2115
f 2030 1926 2111
f 2030 2111 2031
f 2031 2111 2032
f 2032 2111 2110
f 2032 2110 2033
f 2033 2110 2063
f 2033 2063 2116
f 2116 2063 2068
f 2117 2116 1928
f 1928 2116 2068
f 1927 2118 1928
f 2117 1928 2118
f 2119 1929 2070
f 2119 2070 2120
f 2118 1927 1929
f 2118 1929 2119
f 2120 2070 2071
f 2071 2121 2120
f 2122 2123 1932
f 1932 1933 2122
f 1273 937 2091
f 937 1273 957
f 2122 1933 1938
f 1938 1933 1936
f 2124 2013 1965
f 2084 2109 2108
f 2108 2125 2084
f 2046 1940 1942
f 2126 1940 2046
f 1898 2127 1899
f 1899 2127 1956
f 1899 1956 1897
f 1897 1956 2128
f 1955 2128 1956
f 2128 1955 1957
f 2128 1957 2129
f 2129 1957 1901
f 1901 1957 2130
f 1957 2030 2033
f 2033 2130 1957
f 1901 2130 1902
f 1902 2130 2131
f 1902 2131 2132
f 2132 1904 1902
f 1904 2132 1905
f 1905 2132 2133
f 2133 2134 1905
f 2134 2133 2135
f 2130 2033 2116
f 2130 2116 2131
f 2136 2134 2028
f 2135 2028 2134
f 2131 2116 2117
f 2117 2132 2131
f 2132 2117 2118
f 2118 2133 2132
f 1819 2125 2108
f 2137 2138 2027
f 2137 2027 2077
f 2028 2137 2136
f 2133 2118 2135
f 2135 2118 2119
f 2137 2028 2138
f 2138 2028 2027
f 2135 2119 2028
f 2028 2119 2120
f 1819 2108 1848
f 2028 2120 2121
f 2121 2029 2028
f 2029 2121 2139
f 2029 2139 2027
f 1881 1890 1882
f 2140 2141 2142
f 1993 2143 1994
f 1994 2143 2144
f 1819 2084 2125
f 1994 2144 2145
f 2145 1995 1994
f 2143 2146 2147
f 2148 2146 2143
f 2148 2143 1993
f 2084 1819 1821
f 1995 2145 2149
f 2149 2145 2150
f 2095 2087 1894
f 2095 1894 1893
f 2095 1893 2099
f 2099 1893 2100
f 2047 2151 2048
f 2048 2151 2152
f 2048 2152 2153
f 2048 2153 2054
f 2054 2153 2058
f 2058 2153 1914
f 2058 1914 1913
f 2101 1877 2103
f 2103 1877 2082
f 2058 1913 1997
f 1997 1913 1916
f 1953 1997 2154
f 2154 1997 1916
f 1848 2108 1833
f 1953 2154 2155
f 2155 2156 1953
f 2155 1954 2156
f 1954 2155 2157
f 1273 1958 1345
f 1273 1345 1264
f 2158 2159 1945
f 1945 2159 2160
f 1820 2084 1821
f 1820 1968 2084
f 1945 2160 2161
f 2161 1949 1945
f 1949 2161 2162
f 2162 1946 1949
f 1946 2162 2047
f 2047 2162 2151
f 1960 2007 2092
f 1960 2092 2006
f 2109 1979 2006
f 2006 2108 2109
f 1820 2008 1968
f 1810 2008 1820
f 1893 1878 2100
f 1893 1892 1878
f 2109 2084 2083
f 2083 2018 2109
f 2163 2065 2146
f 2146 2065 2066
f 2001 2146 2066
f 1954 2157 2074
f 2074 2157 2164
f 2074 2164 2075
f 2075 2164 2165
f 2075 2165 1866
f 1866 2165 2166
f 1867 2167 2168
f 2168 2010 1867
f 2010 2168 2169
f 2169 2011 2010
f 2011 2169 2012
f 1866 2166 2170
f 2170 2171 1866
f 2170 1867 2171
f 1867 2170 2167
f 2143 2172 2144
f 2144 2172 2173
f 2144 2173 2174
f 2174 2145 2144
f 2146 2066 2147
f 2147 2066 2175
f 2066 2001 1921
f 2066 1921 2175
f 2147 2175 2143
f 2143 2175 2172
f 1863 1631 1685
f 1863 1685 1799
f 2105 2104 2077
f 2105 2077 2079
f 2105 2079 2076
f 2076 2176 2105
f 2176 2076 1906
f 1906 2076 2177
f 2177 2178 1906
f 2017 2179 2180
f 2180 2179 1879
f 2180 1879 1976
f 1976 1879 1970
f 2179 2169 2181
f 2012 2169 2017
f 2017 2169 2179
f 1976 1970 1862
f 1906 2178 1907
f 1862 1631 1863
f 1632 1631 1862
f 1632 1862 1970
f 1999 2182 1899
f 1999 1899 2000
f 2152 2151 2003
f 2152 2003 2106
f 2152 2106 2105
f 2105 2153 2152
f 2000 1899 1919
f 1919 1899 1897
f 2105 2176 2153
f 2153 2176 1914
f 1914 2176 1915
f 1915 2176 1906
f 1916 1915 1906
f 1916 1906 1998
f 1998 2154 1916
f 2154 1908 2183
f 2154 2183 2155
f 1919 1897 2128
f 2128 2184 1919
f 2154 1998 1908
f 2184 2128 2185
f 2185 2128 1900
f 2185 1900 1903
f 1903 2186 2185
f 2187 2185 2159
f 2159 2185 2186
f 2186 1903 1905
f 1905 2188 2186
f 2159 2186 2188
f 2188 2160 2159
f 2188 1905 2134
f 2134 2002 2188
f 2160 2188 2002
f 2002 2161 2160
f 2162 2004 2003
f 2002 2136 2005
f 2002 2134 2136
f 2161 2002 2004
f 2161 2004 2162
f 2162 2003 2151
f 2005 2136 2003
f 1965 2189 2124
f 2003 2136 2137
f 2104 2003 2077
f 2077 2003 2137
f 2124 2190 2126
f 2126 2046 2124
f 1974 2013 2124
f 1974 2124 2046
f 2126 2191 1938
f 1938 1940 2126
f 2080 1888 1887
f 2080 1887 1891
f 2082 1885 2081
f 2081 1885 1888
f 1982 2088 1323
f 1323 2088 1247
f 2088 1982 1894
f 1894 2087 2088
f 2093 2090 2094
f 2100 1878 1877
f 1877 2101 2100
f 1976 1975 2017
f 2017 2180 1976
f 1885 2082 1877
f 2183 2157 2155
f 2157 2183 2192
f 2157 2192 2193
f 2193 2164 2157
f 2164 2193 2165
f 2092 2007 1273
f 2092 1273 2091
f 2168 2194 2195
f 2195 2169 2168
f 2055 2054 2058
f 2169 2195 2181
f 2181 2195 2140
f 2156 1954 1953
f 2181 2140 2196
f 2181 2196 2179
f 1879 2179 2142
f 2196 2140 2142
f 2142 2179 2196
f 1879 1809 1880
f 1809 1879 2142
f 1632 1880 1809
f 1808 1632 1809
f 2141 1804 2142
f 2142 1804 1805
f 1898 1899 1896
f 1896 1899 1897
f 2140 1802 1804
f 2140 1804 2141
f 2128 2129 1901
f 1900 2128 1901
f 2142 1805 1809
f 1937 1931 2053
f 2053 1934 1937
f 1842 2197 1829
f 1829 2197 2191
f 2122 1842 2198
f 2122 2197 1842
f 2191 2197 2122
f 2122 1938 2191
f 2064 2036 1988
f 1988 1987 2064
f 2191 1830 1829
f 1830 2191 2126
f 1830 2126 1816
f 1816 2126 2190
f 1817 2124 1814
f 1814 1965 1815
f 1814 2189 1965
f 1965 1810 1815
f 1810 1965 2008
f 1814 2124 2189
f 2072 2043 2049
f 2072 2049 2051
f 2171 1867 1866
f 1816 2190 2124
f 1816 2124 1817
f 1832 1811 1813
f 1832 2199 1811
f 1847 1812 1811
f 1811 2200 1847
f 1832 2201 2199
f 903 2201 1832
f 903 909 2201
f 1828 1816 1818
f 1818 2202 1828
f 1811 2199 2201
f 2201 909 1811
f 909 903 904
f 2203 1847 2200
f 2202 1818 1847
f 1847 2203 2202
f 2204 2205 2206
f 2207 2205 2204
f 1811 2208 2200
f 909 2208 1811
f 1824 901 903
f 892 901 1824
f 2208 907 1347
f 909 907 2208
f 1829 1828 1841
f 2203 2200 2209
f 2207 1842 1841
f 1841 2210 2207
f 1828 2211 1841
f 2202 2211 1828
f 2212 2213 2214
f 2215 2216 2217
f 2217 2216 2218
f 2219 2220 2221
f 2222 2220 2219
f 2223 2224 2225
f 2225 2226 2223
f 2227 2228 2229
f 2229 2228 2230
f 2146 2228 2227
f 2231 2232 2233
f 2233 2232 2234
f 2235 2236 2231
f 2231 2236 2232
f 2232 2237 2238
f 2239 2240 2241
f 2239 2241 2242
f 2243 2239 2244
f 2244 2239 2242
f 2245 2242 2246
f 2246 2242 2035
f 2035 2242 2247
f 2244 2242 2245
f 2248 2035 2249
f 2246 2035 2248
f 2248 2249 2250
f 2250 2249 2251
f 2240 2239 2243
f 2252 2240 2243
f 2253 2254 2255
f 2254 2253 2256
f 2257 2258 2240
f 2257 2240 2252
f 2259 2260 2258
f 2258 2261 2259
f 2262 2261 2258
f 2258 2257 2262
f 2261 2262 2259
f 2263 2264 2259
f 2259 2265 2263
f 2259 2266 2265
f 2267 2259 2262
f 2266 2259 2267
f 2268 2269 2270
f 2270 2271 2268
f 2270 2272 2271
f 2270 2269 2273
f 2263 2274 2269
f 2273 2269 2274
f 2275 2271 2276
f 2271 2272 2276
f 2277 2278 2275
f 2277 2275 2276
f 2279 2280 2277
f 2277 2280 2278
f 1015 1014 2280
f 2280 2279 1015
f 2266 2274 2263
f 2266 2263 2265
f 1842 2204 2198
f 2207 2204 1842
f 2281 2282 2283
f 2281 2283 2284
f 2250 2245 2246
f 2250 2246 2248
f 2267 2262 2285
f 2267 2285 2266
f 2203 2286 2202
f 2211 2202 2286
f 2236 2237 2232
f 2237 2236 2287
f 2287 2236 2288
f 2270 2273 2274
f 2274 2289 2270
f 2255 2254 2290
f 2255 2290 2287
f 2291 2253 2292
f 2292 2253 2293
f 2294 2276 2270
f 2270 2276 2272
f 2295 2292 2296
f 2296 2292 2297
f 2298 2299 2300
f 2300 2299 2301
f 2302 2149 2303
f 2302 2303 2304
f 2305 2207 2210
f 2205 2207 2305
f 2306 2304 2296
f 2296 2307 2306
f 2209 2208 2308
f 2200 2208 2209
f 2309 2310 2311
f 2309 2311 2312
f 2313 2314 2220
f 2269 2271 2315
f 2268 2271 2269
f 2222 2219 2316
f 2317 2318 2219
f 2316 2219 2318
f 2318 2317 2316
f 2219 2316 2317
f 2319 2320 2321
f 2319 2321 2313
f 2322 2257 2252
f 2252 2243 2322
f 2323 2320 2312
f 2312 2320 2324
f 2324 2320 2325
f 2309 2312 2324
f 2326 2327 2328
f 2329 2330 2331
f 2329 2331 2332
f 2329 2332 2333
f 2333 2332 2334
f 2291 2292 2335
f 2292 2336 2335
f 2256 2253 2337
f 2253 2291 2335
f 2335 2337 2253
f 2338 2256 2335
f 2335 2256 2337
f 2206 2205 2339
f 2340 2254 2256
f 2256 2341 2340
f 2341 2342 2340
f 2343 2339 2205
f 2289 2274 2266
f 2266 2344 2289
f 2338 2345 2256
f 2341 2256 2345
f 2342 2346 2340
f 2347 2346 2342
f 2269 2348 2347
f 2347 2348 2346
f 2269 2349 2348
f 2304 2303 2296
f 2296 2303 2295
f 2350 2295 2303
f 2303 2351 2350
f 2247 2351 2303
f 2247 2303 2149
f 2352 2353 2354
f 2354 2353 2355
f 2247 2149 2302
f 2247 2302 2356
f 2295 2350 2292
f 2336 2292 2350
f 2356 2302 1996
f 2356 1996 2357
f 2358 2359 2360
f 2357 1996 2035
f 2315 2348 2269
f 2271 2361 2348
f 2348 2315 2271
f 2275 2362 2361
f 2361 2271 2275
f 2278 1026 2275
f 2275 1026 2362
f 1014 1024 2280
f 2280 1024 1025
f 2280 1026 2278
f 2280 1025 1026
f 2363 2364 2365
f 2365 2366 2363
f 2367 2368 2369
f 2370 2371 2372
f 2373 2371 2370
f 2258 2374 2240
f 2258 2260 2374
f 2375 2376 2371
f 2377 2375 2371
f 2378 2379 2380
f 2380 2381 2378
f 2251 2035 2382
f 2249 2035 2251
f 2244 2245 2243
f 2383 2384 2385
f 2385 2367 2383
f 2367 2385 2368
f 2386 2383 2367
f 2341 2345 2338
f 2338 2387 2341
f 2388 2347 2341
f 2341 2347 2342
f 2257 2322 2262
f 2389 2262 2322
f 2315 2269 2347
f 2335 2336 2350
f 2357 2035 2247
f 2247 2356 2357
f 2277 2276 2294
f 2277 2294 2390
f 2312 2281 2284
f 2312 2284 2323
f 2391 2294 2289
f 2289 2294 2270
f 2392 2393 2282
f 2282 2394 2392
f 2394 2282 2312
f 2312 2282 2281
f 2264 2263 2269
f 2269 2388 2264
f 2313 2395 2314
f 2314 2395 2396
f 2314 2396 2225
f 2219 2223 2397
f 2220 2224 2221
f 2221 2224 2223
f 2223 2219 2221
f 2220 2225 2224
f 2314 2225 2220
f 1015 2279 2277
f 2398 1015 2277
f 2317 2399 2400
f 2400 2399 2401
f 2400 2401 2402
f 2402 2401 2403
f 2402 2403 2233
f 2233 2403 2404
f 2344 2266 2285
f 2285 2405 2344
f 2406 2392 2311
f 2406 2407 2392
f 2219 2397 2317
f 2317 2397 2399
f 2321 2395 2313
f 2320 2284 2395
f 2320 2395 2321
f 2395 2284 2408
f 2323 2284 2320
f 2311 2393 2392
f 2406 2409 2393
f 2393 2311 2406
f 2406 2410 2409
f 2306 2307 2330
f 2306 2330 2329
f 2306 2329 2333
f 2306 2333 2411
f 2148 2228 2146
f 2231 2233 2412
f 2412 2233 2404
f 2413 2235 2412
f 2231 2412 2235
f 2235 2413 2288
f 2288 2413 2414
f 2288 2414 2358
f 2293 2415 2416
f 2417 2297 2416
f 2293 2416 2297
f 2288 2358 2255
f 2255 2358 2360
f 2359 2415 2360
f 2253 2360 2415
f 2415 2293 2253
f 2255 2360 2253
f 2353 2418 2355
f 2355 2418 2354
f 2354 2418 2326
f 2419 2417 2330
f 2330 2417 2420
f 2330 2296 2419
f 2354 2326 2421
f 2421 2326 2328
f 2296 2417 2419
f 2297 2417 2296
f 2296 2330 2307
f 2421 2328 2216
f 2216 2328 2422
f 2218 2423 2217
f 2217 2423 2424
f 2216 2422 2218
f 2218 2422 2423
f 2411 2333 2425
f 2425 2333 2230
f 2230 1996 2425
f 2217 2426 2212
f 2217 2424 2426
f 2425 2230 2148
f 2148 2230 2228
f 2284 2353 2352
f 2353 2284 2283
f 2284 2352 2408
f 2408 2352 2354
f 2395 2427 2421
f 2421 2396 2395
f 2376 2369 2371
f 2371 2369 2428
f 2396 2421 2225
f 2225 2421 2216
f 2225 2216 2215
f 2225 2215 2226
f 2223 2226 2215
f 2223 2215 2217
f 2223 2217 2212
f 2212 2397 2223
f 2213 2399 2212
f 2397 2212 2399
f 2213 2214 2429
f 2429 2401 2213
f 2403 2401 2429
f 2399 2213 2401
f 2395 2354 2427
f 2408 2354 2395
f 2370 2330 2373
f 2331 2330 2370
f 2330 2371 2373
f 2350 2430 2335
f 2420 2371 2330
f 2430 2350 2351
f 2351 2241 2430
f 2335 2430 2338
f 2431 2243 2245
f 2432 2431 2245
f 2432 2245 2250
f 2299 2386 2301
f 2301 2386 2367
f 2369 2433 2367
f 2375 2367 2433
f 2301 2367 2375
f 2375 2433 2369
f 2375 2369 2376
f 2260 2387 2338
f 2338 2374 2260
f 2413 2434 2414
f 2414 2434 2299
f 2435 2285 2389
f 2389 2285 2262
f 2414 2299 2358
f 2358 2299 2298
f 2243 2431 2436
f 2436 2322 2243
f 2301 2359 2300
f 2437 2359 2301
f 2416 2437 2301
f 2416 2301 2375
f 2371 2417 2377
f 2420 2417 2371
f 2417 2375 2377
f 2375 2417 2416
f 2358 2298 2359
f 2359 2298 2300
f 2289 2344 2438
f 2289 2438 2391
f 2312 2392 2394
f 2311 2392 2312
f 2400 2402 2233
f 2234 2400 2233
f 2288 2236 2235
f 2292 2293 2297
f 2255 2287 2288
f 2411 2302 2306
f 2306 2302 2304
f 2269 2347 2388
f 2387 2264 2341
f 2341 2264 2388
f 2425 1996 2302
f 2302 2411 2425
f 2148 1993 1996
f 1996 2425 2148
f 2374 2338 2430
f 2374 2430 2241
f 2241 2240 2374
f 2247 2242 2351
f 2351 2242 2241
f 2389 2205 2435
f 2389 2343 2205
f 2264 2387 2260
f 2260 2259 2264
f 2205 2435 2343
f 2343 2435 2389
f 2363 2431 2432
f 2366 2431 2363
f 2365 2436 2431
f 2431 2366 2365
f 2363 2432 2364
f 2364 2432 2439
f 2389 2322 2436
f 2436 2440 2389
f 2339 2440 2365
f 2365 2440 2436
f 2440 2339 2389
f 2389 2339 2343
f 2390 2294 2441
f 2441 2294 2391
f 2441 2203 2390
f 2391 2203 2441
f 2209 2390 2203
f 2203 2391 2286
f 2416 2415 2359
f 2416 2359 2437
f 2209 2308 2277
f 2209 2277 2390
f 2277 2208 2398
f 2208 2277 2308
f 2208 1015 2398
f 1015 2208 1347
f 2427 2354 2421
f 2205 2285 2435
f 2285 2205 2305
f 2210 2405 2305
f 2305 2405 2285
f 2438 2344 2211
f 2344 2405 2210
f 2211 2344 1841
f 1841 2344 2210
f 2438 2211 2391
f 2286 2391 2211
f 2204 2206 2442
f 2442 2123 2204
f 2122 2198 2204
f 2122 2204 2123
f 2227 2163 2146
f 2443 2444 2445
f 2445 2446 2443
f 2446 2445 2447
f 2447 2445 2448
f 2447 2448 2449
f 2449 2450 2447
f 2450 2449 2451
f 2451 2449 2452
f 2451 2452 2453
f 2454 2455 2456
f 2454 2456 2457
f 2458 2459 2460
f 2457 2456 2461
f 2461 2456 2462
f 72 71 2455
f 72 2455 2454
f 2461 2462 2463
f 2463 2462 2464
f 2463 2464 2465
f 2465 2464 2466
f 2467 2465 2468
f 2468 2465 2466
f 2467 2468 2469
f 2469 2470 2467
f 2470 2469 2471
f 2472 2469 2473
f 2471 2469 2472
f 2471 2472 2474
f 2455 2475 2476
f 2476 2456 2455
f 2477 2462 2476
f 2476 2462 2456
f 71 57 2478
f 2478 57 175
f 2478 2455 71
f 2455 2478 2475
f 2462 2477 2479
f 2479 2464 2462
f 2480 2466 2464
f 2464 2479 2480
f 2481 2480 2479
f 2481 2466 2480
f 2466 2481 2482
f 2483 2484 2485
f 2486 2487 2488
f 2488 2487 2489
f 2490 2491 2492
f 2492 2491 2493
f 2494 2458 2460
f 408 407 496
f 408 496 2495
f 2495 496 2496
f 2496 496 497
f 2496 497 2497
f 2497 2498 2496
f 2499 2498 2497
f 2498 2499 2500
f 2500 2499 2501
f 2500 2501 1229
f 1229 2501 1230
f 2502 1230 2501
f 2503 1232 1230
f 1230 2502 2503
f 417 2504 498
f 498 411 417
f 2446 2503 2502
f 2447 1232 2503
f 2505 2506 2507
f 2508 1232 2450
f 2508 2450 2509
f 2450 1232 2447
f 2509 2450 2510
f 2510 2450 2451
f 2511 2449 2448
f 2448 2512 2511
f 2513 2485 2514
f 2515 2516 2517
f 2518 2515 2517
f 2488 2489 2519
f 2519 2489 2520
f 72 2454 2457
f 2521 2522 2460
f 2460 2494 2521
f 2523 2524 2525
f 2526 2527 2528
f 2528 2529 2526
f 2530 2485 2513
f 653 652 2531
f 2531 652 2518
f 2532 2533 1124
f 2534 2477 2535
f 2535 2477 2476
f 2536 2505 2537
f 2537 2505 2538
f 2539 2505 2536
f 2536 2540 2539
f 2498 2500 1229
f 1229 2541 2498
f 2539 2505 2507
f 2542 72 2457
f 2470 2465 2467
f 2543 2544 2545
f 2545 2546 2543
f 2547 2524 2523
f 2459 2548 2458
f 2549 2550 2551
f 283 633 250
f 250 633 279
f 2466 2482 2469
f 2552 2518 2553
f 2518 2552 652
f 653 2518 652
f 2518 653 2531
f 2527 653 2552
f 652 2552 653
f 2527 2531 653
f 2554 2531 2527
f 2553 2518 2517
f 2517 2555 2553
f 2555 2517 2491
f 2555 2491 2520
f 2520 2491 2519
f 2519 2491 2490
f 2460 2556 2459
f 2459 2556 2486
f 2475 2478 2476
f 2476 2478 2535
f 2477 2534 2557
f 2477 2557 2479
f 2558 2465 2470
f 651 2559 2560
f 2560 2561 651
f 652 651 2561
f 2561 2518 652
f 2518 2561 2515
f 2515 2561 2560
f 2515 2560 2524
f 2524 2516 2515
f 2517 2516 2524
f 2517 2524 2547
f 2517 2547 2491
f 2491 2547 2523
f 2484 2491 2523
f 2493 2491 2484
f 2493 2484 2492
f 2492 2484 2483
f 2551 2562 2549
f 2563 2564 633
f 633 2564 2565
f 2505 2545 2506
f 2564 2566 2540
f 2540 2566 2539
f 2545 2505 2539
f 2539 2546 2545
f 2563 2527 2564
f 2564 2527 2552
f 633 2528 2527
f 2527 2563 633
f 2507 2539 2444
f 2444 2539 2566
f 2564 2552 2553
f 2553 2566 2564
f 2544 2506 2545
f 2506 2544 2507
f 2507 2544 2543
f 2507 2543 2546
f 2546 2539 2507
f 2566 2553 2555
f 2566 2555 2444
f 2444 2555 2445
f 2445 2555 2520
f 2445 2520 2448
f 2448 2520 2489
f 2448 2489 2512
f 2512 2489 2488
f 2449 2487 2567
f 2449 2567 2452
f 2568 2526 647
f 647 2526 2529
f 2487 2449 2486
f 574 377 647
f 2511 2486 2449
f 574 647 2529
f 2511 2512 2486
f 2486 2512 2488
f 2527 653 2554
f 2554 653 2531
f 2453 2569 2570
f 2526 2568 2527
f 2527 2568 653
f 2452 2567 2453
f 2453 2567 2569
f 2569 2571 2570
f 2492 2483 2548
f 2572 2548 2483
f 2519 2490 2488
f 2488 2490 2492
f 2488 2492 2573
f 2573 2492 2548
f 2488 2573 2548
f 2572 2483 2514
f 2514 2483 2485
f 2514 2458 2548
f 2548 2572 2514
f 2458 2514 2485
f 2458 2485 2459
f 2548 2492 2488
f 2459 2485 2530
f 2530 2460 2459
f 2460 2530 2513
f 2513 2494 2460
f 2459 2486 2488
f 2488 2492 2459
f 2494 2513 2521
f 2521 2513 2574
f 2459 2492 2548
f 2521 2574 2575
f 2575 2574 2576
f 2522 2577 2460
f 2468 2466 2469
f 2559 2457 2560
f 2560 2457 2461
f 651 72 2542
f 72 651 530
f 651 2542 2559
f 2559 2542 2457
f 2560 2461 2463
f 2463 2524 2560
f 2524 2463 2465
f 2465 2525 2524
f 2523 2525 2465
f 2523 2465 2558
f 2523 2558 2484
f 2484 2558 2470
f 2484 2470 2471
f 2484 2471 2485
f 2485 2471 2474
f 283 2529 2528
f 2528 633 283
f 250 574 2529
f 250 2529 283
f 2556 2567 2486
f 2486 2567 2487
f 2569 2567 2556
f 2569 2556 2577
f 2485 2474 2514
f 2514 2474 2578
f 2513 2514 2578
f 2549 2513 2578
f 2479 2557 2481
f 2513 2549 2574
f 2574 2549 2562
f 2574 2562 2576
f 2576 2562 2579
f 2580 2579 2562
f 2562 2551 2580
f 2580 2576 2579
f 497 2536 2537
f 2537 496 497
f 2502 2501 2446
f 2446 2501 2443
f 497 496 2536
f 2536 496 2537
f 497 2536 2505
f 497 2505 2497
f 2447 2503 2446
f 498 2540 2536
f 2536 497 498
f 2499 2497 2505
f 2499 2505 2539
f 417 2564 2504
f 2565 2564 417
f 417 278 633
f 633 2565 417
f 2504 2564 2540
f 2504 2540 498
f 2499 2539 2501
f 2539 2507 2501
f 2501 2507 2444
f 2501 2444 2443
f 647 567 2568
f 2568 567 653
f 755 754 2581
f 2582 755 2581
f 1124 2533 2583
f 2583 1123 1124
f 733 755 2582
f 733 2582 2584
f 2584 2582 2581
f 732 755 753
f 732 748 755
f 753 755 733
f 755 2533 754
f 2533 755 2583
f 755 748 2585
f 755 2585 2583
f 779 1123 2585
f 2585 1123 2583
f 678 779 748
f 2585 748 779
f 1123 779 568
f 1123 568 408
f 1123 2495 1124
f 2495 1123 408
f 2586 1125 2495
f 2495 1125 1124
f 2496 2498 2586
f 2496 2586 2495
f 1125 2586 2498
f 1125 2498 954
f 1124 1125 2532
f 2587 2588 2589
f 2587 2590 2588
f 2587 2591 2590
f 2591 2592 2590
f 2593 2594 2595
f 2595 2596 2593
f 2127 2597 1956
f 2598 2597 2127
f 2599 2600 2601
f 2599 2602 2603
f 2604 2603 2602
f 2605 2606 2607
f 2605 2608 2606
f 2609 2610 2611
f 2611 2612 2609
f 2613 2614 2615
f 2615 2614 2616
f 2617 2618 2619
f 2620 2621 2622
f 2623 2624 2625
f 2625 2624 2626
f 2627 2628 2629
f 2629 2630 2627
f 2630 2629 2631
f 2632 2630 2631
f 2633 2634 2632
f 2635 2636 2637
f 2637 2636 2638
f 2632 2631 2633
f 2639 2640 2641
f 2641 2642 2639
f 2642 2641 2643
f 2642 2643 2644
f 2644 2643 2618
f 2618 2617 2644
f 2645 2646 2647
f 2648 2649 2650
f 2650 2649 2651
f 2594 2593 2652
f 2652 2593 2653
f 2654 2655 2608
f 2650 2608 2605
f 2650 2605 2651
f 2656 2657 2658
f 2659 2657 2601
f 2601 2657 2656
f 2657 2659 2660
f 2660 2659 2182
f 2661 2662 2663
f 2663 2664 2661
f 2605 2607 2602
f 2602 2665 2605
f 2666 2599 2601
f 2667 2668 2669
f 2612 2611 2670
f 2612 2670 2671
f 2614 2613 2610
f 2610 2609 2614
f 2608 2650 2654
f 2672 2673 2674
f 2672 2674 2675
f 2676 2677 2678
f 2674 2678 2677
f 2662 2677 2676
f 2676 2663 2662
f 2679 2680 2625
f 2625 2681 2679
f 2682 2683 2677
f 2677 2662 2682
f 2628 2627 2682
f 2683 2682 2627
f 2684 2685 2636
f 2636 2635 2684
f 2640 2639 2638
f 2638 2639 2637
f 2686 2687 2688
f 2689 2687 2686
f 2645 2690 2646
f 2690 2593 2596
f 2596 2646 2690
f 2645 2593 2690
f 2593 2645 2691
f 2691 2645 2692
f 2691 2692 2693
f 2692 2694 2693
f 2695 2696 2697
f 2695 2697 2698
f 2669 2698 2697
f 2698 2697 2699
f 2699 2697 2596
f 2699 2596 2671
f 2671 2596 2595
f 2700 2656 2658
f 2671 2595 2594
f 2671 2594 2612
f 2652 2609 2612
f 2652 2612 2594
f 2614 2701 2616
f 2702 2701 2653
f 2653 2701 2652
f 2701 2614 2609
f 2609 2652 2701
f 2681 2703 2704
f 2704 2679 2681
f 2647 2705 2645
f 2645 2705 2706
f 2645 2706 2707
f 2623 2680 2708
f 2625 2680 2623
f 2665 2602 2599
f 2665 2599 2666
f 2707 2706 2709
f 2709 2706 2710
f 2711 2626 2624
f 2626 2711 2625
f 2712 2713 2714
f 2712 2714 2711
f 2625 2711 2681
f 2681 2711 2714
f 2681 2714 2715
f 2716 2714 2713
f 2713 2717 2716
f 2716 2715 2714
f 2715 2716 2718
f 2719 2720 2721
f 2719 2721 2722
f 2723 2648 2687
f 2650 2687 2648
f 2687 2650 2724
f 2725 2686 2649
f 2649 2686 2688
f 2726 2704 2703
f 2703 2727 2726
f 2704 2726 2728
f 2704 2728 2720
f 2687 2724 2729
f 2687 2729 2688
f 2722 2721 2728
f 2728 2721 2720
f 2649 2688 2651
f 2651 2688 2729
f 2730 2673 2672
f 2730 2672 2654
f 2719 2722 2731
f 2654 2672 2675
f 2675 2655 2654
f 2731 2722 2667
f 2667 2722 2668
f 2667 2685 2719
f 2719 2731 2667
f 2655 2675 2674
f 2674 2428 2655
f 2685 2667 2636
f 2732 2636 2667
f 2651 2729 2724
f 2651 2724 2650
f 2669 2732 2667
f 2686 2622 2621
f 2621 2689 2686
f 2636 2732 2669
f 2636 2669 2733
f 2734 2620 2622
f 2622 2686 2734
f 2659 2735 2182
f 2182 2735 2736
f 2737 2671 2638
f 2638 2671 2670
f 2638 2670 2640
f 2640 2670 2611
f 2641 2640 2610
f 2611 2610 2640
f 2613 2643 2641
f 2641 2610 2613
f 2618 2643 2615
f 2643 2613 2615
f 2671 2737 2669
f 2669 2737 2733
f 2676 2738 2708
f 2676 2708 2739
f 2740 2428 2674
f 2674 2677 2740
f 2739 2708 2741
f 2741 2708 2680
f 2676 2742 2738
f 2742 2676 2678
f 2743 2741 2680
f 2680 2679 2743
f 2664 2743 2679
f 2664 2679 2744
f 2664 2744 2661
f 2661 2744 2719
f 2683 2745 2740
f 2740 2677 2683
f 2745 2683 2606
f 2606 2683 2627
f 2630 2607 2606
f 2606 2627 2630
f 2746 2682 2661
f 2685 2746 2661
f 2685 2661 2719
f 2682 2746 2685
f 2682 2685 2684
f 2607 2630 2602
f 2632 2602 2630
f 2682 2684 2635
f 2635 2628 2682
f 2604 2602 2631
f 2631 2602 2632
f 2632 2634 2631
f 2631 2634 2633
f 2603 2633 2634
f 2634 2599 2603
f 2604 2631 2603
f 2603 2631 2633
f 2628 2635 2637
f 2628 2637 2629
f 2599 2634 2600
f 2600 2634 2747
f 2601 2600 2747
f 2633 2642 2634
f 2631 2639 2642
f 2642 2633 2631
f 2748 2600 2749
f 2749 2600 2747
f 2618 2750 2619
f 2619 2750 2751
f 2748 2749 2752
f 2752 2749 2597
f 2749 2633 2642
f 2642 2644 2749
f 2639 2631 2629
f 2639 2629 2637
f 2617 2597 2749
f 2749 2644 2617
f 2659 2753 2598
f 2735 2659 2598
f 2127 2736 2598
f 2598 2736 2735
f 2182 2736 1899
f 1899 2736 2127
f 2753 2752 2598
f 2598 2752 2597
f 2617 2619 1956
f 2617 1956 2597
f 2653 2593 2693
f 2693 2593 2691
f 2653 2693 2694
f 2694 2702 2653
f 2591 2651 2754
f 2754 2651 2650
f 2591 2651 2605
f 2591 2605 2592
f 2755 2589 2065
f 2067 2656 2657
f 2065 2656 2067
f 2592 2605 2590
f 2590 2605 2665
f 2590 2665 2666
f 2666 2588 2590
f 2589 2588 2666
f 2589 2656 2065
f 2601 2656 2666
f 2666 2656 2589
f 2671 2669 2698
f 2671 2698 2699
f 1999 2067 2660
f 2660 2067 2657
f 2182 1999 2660
f 2591 2334 2332
f 2755 2756 2065
f 2334 2591 2587
f 2587 2229 2334
f 2227 2587 2589
f 2587 2227 2229
f 2227 2589 2065
f 2227 2065 2163
f 2703 2681 2715
f 2715 2718 2703
f 2679 2704 2744
f 2744 2704 2720
f 2744 2720 2719
f 2723 2654 2648
f 2648 2654 2650
f 2655 2730 2654
f 2655 2428 2730
f 2676 2739 2663
f 2663 2739 2741
f 2636 2733 2737
f 2737 2638 2636
f 2743 2664 2741
f 2741 2664 2663
f 2661 2682 2662
f 2655 2428 2740
f 2655 2740 2745
f 2606 2608 2655
f 2655 2745 2606
f 2634 2633 2747
f 2747 2633 2749
f 2753 2659 2601
f 2601 2600 2753
f 2752 2753 2600
f 2600 2748 2752
f 2001 2067 1999
f 2669 2695 2698
f 2668 2695 2669
f 2645 2707 2692
f 2692 2707 2709
f 2333 2334 2229
f 2333 2229 2230
f 2757 2758 1430
f 2759 2760 2761
f 2759 2761 2762
f 2763 2764 2761
f 2765 2766 2767
f 2768 2769 2764
f 2764 2770 2768
f 2771 2772 2773
f 2772 2771 2774
f 2774 2771 2775
f 2774 2775 2776
f 2769 2762 2761
f 2777 2762 2769
f 2778 2777 2766
f 2766 2777 2769
f 2766 2769 2768
f 2779 2780 2774
f 2768 2767 2766
f 2774 2780 2772
f 2772 2781 2773
f 2782 2783 2784
f 2784 2783 2759
f 2785 2786 2787
f 2787 2786 2788
f 2770 2764 2787
f 2787 2764 2789
f 2781 2772 2790
f 2790 2772 2780
f 2791 2786 2792
f 2793 2770 2788
f 2788 2770 2787
f 2794 2795 2796
f 2796 2795 2779
f 2797 2798 2799
f 2799 2798 2800
f 2769 2761 2764
f 2770 2793 2768
f 2758 2768 2793
f 1427 2801 2802
f 2802 2801 2803
f 2789 2797 2787
f 2787 2797 2785
f 2757 2768 2758
f 2768 2757 2767
f 1430 2758 2793
f 1427 1430 2801
f 1426 1430 1427
f 1430 2768 2758
f 2804 2805 2806
f 2806 2798 2804
f 2795 2807 2808
f 2795 2808 2780
f 2780 2779 2795
f 2760 2809 2794
f 2760 2794 2761
f 2810 2807 2809
f 2810 2809 2783
f 2811 2812 2813
f 2774 2776 2806
f 2806 2805 2774
f 2809 2807 2794
f 2794 2807 2795
f 2760 2759 2809
f 2809 2759 2783
f 1432 2757 1430
f 2814 2792 2786
f 2778 2766 2815
f 2815 2766 2765
f 2765 2767 2816
f 2817 2815 2816
f 2816 2815 2765
f 2817 2816 2767
f 2817 2767 2757
f 2784 2759 2778
f 2779 2774 2796
f 2796 2774 2805
f 2778 2815 2784
f 4 11 2818
f 2818 7 4
f 2759 2762 2778
f 2778 2762 2777
f 2763 2796 2805
f 2805 2804 2763
f 2757 2778 2815
f 2757 2815 2817
f 2789 2804 2798
f 2798 2797 2789
f 2803 2788 2819
f 2819 2788 2786
f 2764 2763 2804
f 2804 2789 2764
f 2811 2806 2775
f 2776 2775 2806
f 2801 2793 2788
f 2788 2803 2801
f 2761 2794 2796
f 2761 2796 2763
f 2813 2820 2811
f 2806 2811 2798
f 2798 2811 2820
f 2798 2820 2800
f 2800 2820 2813
f 2793 2801 1430
f 2792 2799 2813
f 2813 2799 2800
f 2814 2797 2792
f 2792 2797 2799
f 2786 2797 2814
f 2786 2785 2797
f 2781 2771 2773
f 2821 2813 2812
f 2822 514 511
f 511 172 2822
f 2823 2824 2781
f 2781 2824 2825
f 2771 2824 2826
f 2824 2771 2825
f 2781 2825 2771
f 602 2822 172
f 172 171 602
f 2827 2771 2826
f 2771 2827 2775
f 181 602 171
f 2812 2828 2821
f 2829 2813 2821
f 2813 2829 2830
f 2831 2811 2775
f 2775 2827 2831
f 2832 2813 2811
f 2832 2811 2831
f 2830 2813 2832
f 2833 2813 2830
f 2833 2792 2813
f 2834 2791 2792
f 2834 2792 2833
f 2835 2786 2791
f 2835 2791 2834
f 2836 2819 2835
f 2835 2819 2786
f 2836 2837 2819
f 2819 2837 2838
f 2819 2838 2803
f 2803 2838 2802
f 2838 2837 2802
f 2802 2837 1537
f 1428 1427 2802
f 1428 2802 1537
f 2839 2784 2815
f 2840 2784 2839
f 2778 2839 2815
f 2778 2841 2839
f 2757 2841 2778
f 2757 2842 2841
f 2843 2841 2842
f 2843 2842 2757
f 2843 2757 2817
f 2817 2757 1432
f 2843 2817 1431
f 1431 2817 1432
f 2844 2845 2822
f 2822 2845 514
f 171 182 181
f 84 1496 80
f 80 1496 395
f 2843 2839 2841
f 1584 2843 1431
f 2836 2846 2847
f 2847 2837 2836
f 1537 2837 1583
f 1537 1583 1536
f 2831 2830 2832
f 2848 2849 193
f 193 515 2848
f 1583 2837 2847
f 2847 2850 1583
f 2830 2829 523
f 523 2833 2830
f 2835 2834 2836
f 2836 2834 2846
f 2849 2848 515
f 2851 1583 2850
f 2850 2852 2851
f 2853 2854 2824
f 2824 2854 2826
f 2855 2827 2854
f 2854 2827 2826
f 2856 2831 2827
f 2827 2855 2856
f 2857 2833 523
f 523 522 2857
f 2833 2857 2834
f 2834 2857 2858
f 526 525 2859
f 2859 525 2849
f 2834 2858 2846
f 2846 2858 2860
f 361 2859 2849
f 361 2849 515
f 2847 2861 2862
f 2862 2850 2847
f 2861 2847 2860
f 2846 2860 2847
f 2852 2850 2862
f 2852 2862 395
f 1496 1583 2851
f 1582 1583 1496
f 1496 2851 2852
f 2852 395 1496
f 2858 2857 522
f 522 526 2858
f 2860 2858 526
f 526 2859 2860
f 2861 2860 2859
f 2859 2845 2861
f 399 395 2844
f 2844 395 2862
f 2844 2862 2861
f 2861 2845 2844
f 2844 2822 399
f 399 2822 602
f 2845 2859 361
f 2845 361 514
f 2790 2780 2863
f 2864 2790 2863
f 2864 2863 2865
f 2808 2865 2863
f 2863 2780 2808
f 2808 2864 2865
f 2864 2808 2866
f 2867 2866 2808
f 2868 2867 2808
f 2808 2807 2868
f 2867 2868 2807
f 2867 2807 2810
f 2869 2810 2782
f 2782 2810 2783
f 2870 2864 2867
f 2867 2864 2866
f 2871 2872 2790
f 2871 2790 2864
f 2873 2874 2875
f 2876 2875 2874
f 2877 2878 2879
f 2879 2880 2877
f 2881 2882 2883
f 2884 2882 2881
f 2885 2886 2887
f 2887 2888 2885
f 2888 2887 2889
f 2889 2887 2890
f 2889 2890 2891
f 2891 2892 2889
f 2892 2891 2893
f 2892 2893 2894
f 2894 2893 2895
f 2895 2896 2894
f 2897 2898 2899
f 2898 2897 2900
f 2896 2895 2901
f 2901 2895 2902
f 2901 2902 2903
f 2903 2902 2904
f 2905 2867 2810
f 2905 2810 2869
f 2823 2781 2906
f 2906 2781 2907
f 2907 2781 2790
f 2790 2872 2907
f 2907 2872 2871
f 2871 2908 2907
f 2864 2908 2871
f 2908 2864 2909
f 2910 2909 2864
f 2910 2864 2870
f 2911 2912 2913
f 2911 2913 2914
f 2915 2916 2913
f 2913 2916 2914
f 2917 2915 2913
f 2913 2918 2917
f 2919 2920 2921
f 2922 2921 2920
f 2885 2922 2920
f 2923 2922 2885
f 2923 2885 2924
f 2924 2885 2888
f 2925 2916 2926
f 2910 2870 2867
f 2867 2927 2910
f 2916 2915 2926
f 2928 2927 2867
f 2928 2867 2905
f 2928 2905 2869
f 2928 2869 2929
f 2930 2931 2932
f 2932 2931 2875
f 2933 2876 2874
f 2874 2934 2933
f 2929 2869 2782
f 2929 2782 2935
f 2932 2875 2876
f 2876 2933 2932
f 2925 2926 2936
f 2936 2937 2925
f 2934 2874 2938
f 2938 2874 2873
f 2938 2873 2939
f 2939 2886 2938
f 2940 2930 2941
f 2935 2782 2784
f 2784 2840 2935
f 2942 2853 2941
f 2941 2853 2940
f 2943 2944 2937
f 2937 2936 2943
f 2945 2943 2936
f 2936 2946 2945
f 2945 2944 2943
f 2944 2945 2947
f 2947 2945 2948
f 2949 2948 2945
f 2948 2949 2950
f 2950 2949 2951
f 2930 2940 2931
f 2908 2909 2910
f 2910 2952 2908
f 2912 2921 2922
f 2922 2913 2912
f 2913 2922 2918
f 2918 2922 2953
f 2924 2888 2889
f 2924 2889 2954
f 2955 2954 2889
f 2955 2889 2892
f 2956 2918 2957
f 2957 2918 2953
f 2958 2957 2953
f 2953 2924 2958
f 2958 2956 2957
f 2959 2956 2958
f 2955 2892 2894
f 2955 2894 2960
f 2960 2894 2961
f 2961 2894 2896
f 2961 2896 2962
f 2962 2896 2963
f 2964 2962 2898
f 2898 2962 2963
f 2964 2898 2965
f 2900 2965 2898
f 2882 2884 2878
f 2878 2966 2882
f 2967 2966 2878
f 2878 2877 2967
f 2886 2939 2968
f 2968 2887 2886
f 2887 2968 2969
f 2969 2890 2887
f 2890 2969 2891
f 2891 2969 2970
f 2971 2891 2972
f 2972 2891 2970
f 2893 2891 2970
f 2893 2891 2971
f 2955 2946 2959
f 2959 2958 2955
f 2946 2955 2936
f 2945 2946 2955
f 2945 2955 2960
f 2961 2945 2960
f 2973 2945 2961
f 2973 2961 2974
f 2974 2961 2962
f 2964 2975 2962
f 2962 2975 2974
f 2944 2947 2948
f 2948 2976 2944
f 2971 2895 2893
f 2928 2910 2927
f 2958 2924 2955
f 2955 2924 2954
f 2946 2936 2959
f 2959 2936 2917
f 2945 2973 2974
f 2977 2910 2928
f 2898 2963 2978
f 2978 2963 2979
f 2902 2895 2971
f 2971 2980 2902
f 2931 2906 2875
f 2875 2906 2907
f 2875 2907 2908
f 2875 2908 2873
f 2873 2908 2939
f 2939 2908 2952
f 2853 2824 2940
f 2940 2824 2823
f 2931 2940 2823
f 2906 2931 2823
f 2959 2917 2956
f 2956 2917 2918
f 2949 2945 2974
f 2939 2952 2968
f 2968 2952 2910
f 2969 2968 2977
f 2977 2968 2910
f 2969 2977 2928
f 2969 2928 2970
f 2970 2928 2929
f 2929 2972 2970
f 2975 2951 2949
f 2949 2974 2975
f 2924 2953 2923
f 2923 2953 2922
f 2919 2981 2920
f 2920 2981 2982
f 2983 2930 2932
f 2932 2919 2983
f 2919 2932 2933
f 2919 2933 2981
f 2981 2933 2934
f 2934 2982 2981
f 2982 2934 2938
f 2938 2920 2982
f 2920 2938 2886
f 2920 2886 2885
f 2936 2926 2917
f 2917 2926 2915
f 2971 2972 2984
f 2984 2980 2971
f 2984 2972 2935
f 2935 2972 2929
f 2985 2984 2840
f 2985 2986 2984
f 2840 2986 2985
f 2986 2840 2987
f 2840 2984 2935
f 7 2818 5
f 2988 11 4
f 4 2989 2988
f 2989 4 2
f 2 2990 2989
f 2991 9 10
f 2992 2991 10
f 2818 2992 10
f 10 5 2818
f 2818 11 2991
f 2991 2992 2818
f 2993 634 9
f 9 2991 2993
f 2821 2991 2988
f 2988 2991 11
f 2550 2994 2995
f 2996 2997 2998
f 2998 2994 2996
f 2998 2995 2994
f 2999 2551 2550
f 2550 2995 2999
f 3000 2580 2551
f 2551 2999 3000
f 635 634 3001
f 2580 3000 3002
f 3002 3000 3003
f 2912 3003 3000
f 3000 3004 2912
f 2912 3002 3003
f 3005 635 634
f 3005 634 2993
f 3002 2912 2911
f 3005 2993 2991
f 3005 2991 3006
f 3007 3008 3009
f 3010 3011 3009
f 3009 3011 3007
f 3010 3012 3011
f 3010 3013 3012
f 3006 2991 2829
f 2812 3014 3015
f 3015 2828 2812
f 2828 3015 2829
f 2829 2821 2828
f 3014 2812 2813
f 2813 2830 3014
f 2921 2983 2919
f 3016 2983 2921
f 2829 2991 2821
f 3012 3013 3017
f 3012 3017 3018
f 2829 2821 2988
f 2829 2988 523
f 3019 3018 3017
f 3017 3020 3021
f 3021 3019 3017
f 3019 3021 3022
f 523 2988 2989
f 2989 525 523
f 3023 3024 3022
f 3023 3022 3021
f 3025 3024 3023
f 3025 3023 3026
f 3026 2983 3025
f 525 2989 2990
f 2990 2849 525
f 3016 3025 2983
f 2990 2 2849
f 193 2849 2
f 222 245 244
f 222 221 245
f 244 245 3027
f 244 3027 3028
f 3028 3027 3029
f 3029 3027 3030
f 3029 3030 3031
f 3031 3032 3029
f 3033 3034 3035
f 3035 3034 3036
f 3037 3038 3036
f 3036 3038 3035
f 3032 3031 3033
f 3033 3031 3034
f 2997 3012 3039
f 3040 2854 2942
f 2942 2854 2853
f 3041 3038 3037
f 3037 3042 3043
f 3043 3041 3037
f 3044 3041 3043
f 3044 3043 3045
f 3045 3043 3046
f 3047 2855 3040
f 2854 3040 2855
f 3047 3045 2855
f 2855 3045 3046
f 3039 3012 3018
f 3039 3018 3048
f 3048 3018 2998
f 3018 3049 2998
f 3020 3050 3051
f 3019 2995 2998
f 3019 2998 3018
f 2995 3019 3052
f 3021 3051 3023
f 3053 3054 3052
f 3052 3019 3053
f 3023 3051 3055
f 3054 3053 3004
f 3004 3053 3016
f 3004 3016 2912
f 2912 3016 2921
f 2855 3046 2856
f 2856 3046 3056
f 2856 3047 2855
f 222 244 3028
f 222 3028 3057
f 3058 3059 3038
f 3038 3059 3035
f 3001 635 3005
f 3060 3001 3005
f 3040 3061 3047
f 3047 3061 3045
f 3011 3012 3007
f 3007 3012 3062
f 3024 3053 3019
f 3019 3022 3024
f 3005 3006 2829
f 3053 3024 3025
f 3048 2998 2997
f 2997 3039 3048
f 3054 2999 2995
f 2995 3052 3054
f 3051 3021 3020
f 2578 3063 2996
f 2996 2994 2578
f 2549 2578 2994
f 2549 2994 2550
f 2829 3015 3005
f 2831 3014 2830
f 3027 245 507
f 3030 3027 3064
f 506 3064 507
f 507 3064 3027
f 506 258 3064
f 258 3030 3064
f 657 3031 258
f 258 3031 3030
f 3001 3065 3066
f 3066 3067 3001
f 3065 3001 3042
f 3060 3042 3001
f 3005 3042 3060
f 3068 3042 3005
f 3042 3068 3069
f 3015 3069 3068
f 3015 3068 3005
f 3069 3015 3056
f 3014 3056 3015
f 3056 3014 2831
f 2831 2856 3056
f 3070 3033 3059
f 3059 3033 3035
f 3045 3041 3044
f 3041 3045 3061
f 3025 3016 3053
f 3025 3016 2921
f 142 3071 186
f 186 3071 179
f 3069 3043 3042
f 3004 3000 2999
f 2999 3054 3004
f 3066 3034 3031
f 3031 657 3066
f 3065 3036 3066
f 3066 3036 3034
f 3036 3065 3042
f 3072 3032 3033
f 3033 3070 3072
f 3073 3058 3041
f 3041 3058 3038
f 3042 3037 3036
f 3010 3017 3013
f 3017 3010 3020
f 3043 3069 3046
f 3046 3069 3056
f 183 3029 3074
f 3074 3029 3032
f 3071 3057 3028
f 3028 179 3071
f 222 3071 142
f 3071 222 3057
f 179 3028 183
f 183 3028 3029
f 3075 3072 3008
f 3008 3072 3070
f 3008 3070 3009
f 3009 3070 3059
f 3010 3009 3058
f 3058 3009 3059
f 3020 3010 3073
f 3073 3010 3058
f 3020 3073 3041
f 3050 3020 3041
f 3061 3051 3041
f 3041 3051 3050
f 3026 3023 2941
f 2941 3023 2942
f 3023 3055 3040
f 3051 3061 3040
f 3051 3040 3055
f 2942 3023 3040
f 3026 2941 2930
f 3026 2930 2983
f 3067 645 3001
f 3001 645 635
f 662 3066 656
f 3066 657 656
f 3067 3066 645
f 3066 662 645
f 2877 2880 3076
f 3076 2880 2925
f 3077 3076 2925
f 3077 2925 3078
f 3077 3078 2944
f 3077 2944 3079
f 3079 2944 3080
f 3080 2944 2976
f 2976 2948 2950
f 3081 3080 2950
f 2950 3080 2976
f 3081 2950 3082
f 3082 2950 3083
f 3082 3083 3084
f 3084 3085 3082
f 3085 3084 1375
f 1375 3084 1376
f 2950 2951 2975
f 2975 3083 2950
f 3083 2975 3086
f 3083 3086 3084
f 3084 3086 1376
f 1376 3086 1435
f 3087 3088 3089
f 3089 3088 3090
f 3089 3090 3091
f 3091 3090 3092
f 3093 3090 3088
f 3093 3088 3094
f 3091 3092 3095
f 3091 3095 3096
f 3096 3095 3097
f 3097 3098 3096
f 3092 3090 3095
f 3098 3097 3099
f 3099 3100 3098
f 3100 3099 3101
f 3101 3102 3100
f 3102 3101 3103
f 3103 3101 3104
f 3103 3104 3105
f 3105 3104 3106
f 3105 3106 1459
f 1459 1458 3105
f 3091 3087 3089
f 3107 3080 3081
f 2975 2964 2965
f 2975 2965 3086
f 1625 3086 2965
f 3108 3086 1625
f 1374 3109 3108
f 1374 3108 1625
f 1435 3109 1374
f 3110 3111 3112
f 3109 1435 3086
f 3086 3108 3109
f 3113 3087 3114
f 3114 3087 3115
f 3115 3087 3091
f 3091 3114 3115
f 3114 3091 3116
f 3117 3111 3110
f 3116 3091 3118
f 3098 3091 3096
f 3118 3091 3119
f 3119 3091 3098
f 3119 3098 3120
f 3120 3098 3100
f 3120 3100 3121
f 3121 3100 3102
f 3121 3102 3122
f 3122 3102 3103
f 3122 3103 3123
f 3123 3103 3105
f 3123 3105 1554
f 1554 3105 1458
f 2944 2925 2937
f 3077 2877 3076
f 3078 2925 2944
f 3124 3125 3126
f 3127 3128 3129
f 3127 3130 3128
f 3131 3132 3133
f 3133 3134 3131
f 3135 2877 3076
f 3076 3136 3135
f 3136 3076 3077
f 3136 3077 3137
f 3134 3133 3138
f 3138 3133 3139
f 3138 3139 3140
f 3140 3139 3111
f 3137 3077 3079
f 3079 3132 3137
f 3132 3079 3080
f 3080 3133 3132
f 3140 3111 3117
f 3140 3117 3141
f 3141 3117 3110
f 3110 3142 3141
f 3139 3133 3080
f 3139 3080 3107
f 3142 3110 1611
f 1611 1610 3142
f 3139 3107 3081
f 3139 3081 3111
f 3082 3112 3081
f 3081 3112 3111
f 3112 3082 3085
f 3085 3110 3112
f 3110 3085 1375
f 1375 1611 3110
f 3143 3144 3145
f 3094 3146 3147
f 3093 3094 3147
f 3093 3147 3090
f 3148 3090 3147
f 3131 3090 3148
f 3095 3090 3134
f 3134 3090 3131
f 3095 3134 3097
f 3097 3134 3138
f 3097 3138 3140
f 3140 3099 3097
f 3099 3140 3101
f 3101 3140 3141
f 3101 3141 3142
f 3101 3142 3104
f 3106 3104 3142
f 3106 3142 1610
f 1610 1459 3106
f 3136 3147 3135
f 3137 3147 3136
f 3148 3147 3137
f 3148 3137 3132
f 3131 3148 3132
f 3149 3150 3151
f 3150 3152 3151
f 3153 3150 3154
f 3154 3150 3149
f 3155 3154 3151
f 3151 3154 3149
f 3155 3151 3156
f 3155 3156 3157
f 3157 3156 3158
f 3158 3156 1767
f 3158 1767 3159
f 3159 1767 1724
f 3159 1724 1726
f 1726 1725 3159
f 1725 1726 1734
f 1734 1726 1732
f 3160 3153 3161
f 3161 3153 3154
f 3161 3154 3162
f 3162 3154 3155
f 3162 3155 3157
f 3162 3157 3144
f 3144 3157 3158
f 3144 3158 3159
f 3144 3159 3145
f 3145 3159 1725
f 3145 1725 1734
f 3145 1734 3163
f 3164 3127 3129
f 3129 3165 3164
f 1734 1757 3163
f 1757 1734 1735
f 3166 3124 3126
f 3166 3126 3150
f 3150 3126 3167
f 3150 3167 3152
f 3152 3167 3168
f 3152 3168 3151
f 3151 3168 1592
f 1592 3156 3151
f 3156 1592 1767
f 1767 1592 1591
f 3130 3114 3128
f 3128 3114 3116
f 3128 3116 3129
f 3129 3116 3118
f 3119 3129 3118
f 3125 3129 3119
f 3125 3119 3169
f 3169 3119 3120
f 3169 3120 3121
f 3169 3121 3126
f 3126 3121 3122
f 3122 3167 3126
f 3167 3122 3168
f 3168 3122 3123
f 3168 3123 1554
f 1554 1592 3168
f 3170 3161 3171
f 3171 3161 3162
f 3171 3162 3172
f 3172 3162 3173
f 3172 3173 3144
f 3172 3144 3174
f 3174 3144 3175
f 3175 3144 3143
f 3175 3143 3145
f 3175 3145 3176
f 3176 3145 3163
f 3176 3163 1720
f 3173 3162 3144
f 3125 3169 3126
f 3177 3178 3179
f 3180 3179 3178
f 3181 3178 3177
f 3182 3183 3180
f 3180 3183 3179
f 3184 3185 3186
f 3187 3183 3188
f 3188 3183 3182
f 3189 3184 3190
f 3190 3184 3191
f 3192 3191 3184
f 3193 3185 3189
f 3193 3186 3185
f 3184 3189 3185
f 3194 3191 3192
f 3194 3192 3195
f 3181 3177 3179
f 3181 3179 3196
f 3194 3195 3197
f 3197 3198 3194
f 3199 3197 3183
f 3183 3197 3195
f 3199 3198 3197
f 3200 3201 3198
f 3200 3198 3199
f 3201 3200 3202
f 3203 3199 3187
f 3187 3199 3183
f 3204 3205 3202
f 3202 3200 3204
f 3195 3192 3179
f 3195 3179 3183
f 3206 3207 3208
f 3186 3196 3184
f 3179 3192 3196
f 3196 3192 3184
f 3209 3190 3191
f 3188 3182 3180
f 3180 3178 3188
f 3210 3211 3212
f 3211 3213 3212
f 3201 3202 3214
f 3214 3202 3205
f 3215 3216 3217
f 3217 3216 3218
f 3219 3220 3221
f 3222 3223 3224
f 3224 3225 3222
f 3226 3225 3189
f 3189 3225 3224
f 3191 3227 3209
f 2647 2646 3228
f 3229 3228 2646
f 3219 3221 3230
f 3222 3231 3223
f 3232 3223 3231
f 3233 3198 3201
f 3201 3234 3233
f 3235 2710 2706
f 3236 2710 3235
f 3237 3213 3238
f 3238 3239 3237
f 3210 3212 3240
f 3210 3240 3241
f 3213 3237 3212
f 3212 3237 3240
f 3241 3240 3242
f 3242 3243 3241
f 3210 3241 3243
f 3243 3244 3210
f 3242 3244 3243
f 3245 3244 3242
f 3246 3247 3242
f 3242 3247 3245
f 3247 3246 3248
f 3248 3246 3249
f 3250 3251 2696
f 2696 3251 3252
f 3250 3248 3251
f 3248 3249 3251
f 3250 3251 3228
f 3250 3228 3253
f 3253 3228 2697
f 2697 3228 3229
f 2697 3229 2646
f 2697 2646 2596
f 3254 3255 3256
f 3211 3256 3255
f 3210 3257 3256
f 3210 3256 3211
f 3257 3210 3258
f 3258 3210 3244
f 3258 3244 3259
f 3259 3260 3258
f 2728 3260 3259
f 2728 3259 2722
f 2722 3259 3261
f 2722 3261 3262
f 3262 3261 2695
f 2696 2695 3261
f 3239 3263 3215
f 3215 3263 3216
f 3239 3215 3217
f 3217 3237 3239
f 3237 3217 3218
f 3237 3218 3264
f 3265 3237 3218
f 3265 3218 3266
f 3265 3266 3240
f 3265 3266 3267
f 3265 3267 3268
f 3268 3267 3220
f 3268 3220 3269
f 3246 3269 3220
f 3246 3220 3219
f 3246 3219 3230
f 3230 3249 3246
f 3221 3270 3230
f 3230 3270 3249
f 3270 3221 3271
f 3270 3271 3272
f 3273 3272 3274
f 3271 3274 3272
f 3273 3274 3228
f 3228 3274 3275
f 3228 3275 3273
f 3273 3275 3274
f 3274 3276 3273
f 2647 3276 2705
f 2705 3276 3274
f 3277 3232 3231
f 3231 3278 3277
f 3278 3231 3216
f 3216 3231 3222
f 3225 3218 3216
f 3216 3222 3225
f 3218 3225 3266
f 3266 3225 3226
f 3226 3189 3209
f 3209 3189 3190
f 3209 3267 3226
f 3226 3267 3266
f 3267 3209 3220
f 3220 3209 3227
f 3191 3220 3227
f 3220 3191 3221
f 3221 3191 3279
f 3194 3279 3191
f 3194 3221 3279
f 2718 2716 2703
f 2703 2716 2727
f 3271 3280 3198
f 3271 3198 3233
f 3234 3274 3233
f 3233 3274 3271
f 3279 3194 3280
f 3280 3194 3198
f 3201 3274 3234
f 3274 3201 3281
f 3281 3201 3282
f 3214 3282 3201
f 3283 3235 3282
f 3283 3282 3214
f 3244 3245 3247
f 3261 3248 3250
f 3261 3250 2696
f 2696 3250 2697
f 2697 3250 3253
f 3265 3240 3237
f 3240 3265 3268
f 3272 3251 3249
f 3249 3270 3272
f 3251 3272 3228
f 3228 3272 3273
f 3273 3276 2647
f 3273 2647 3228
f 3262 2695 2722
f 2722 2695 2668
f 3221 3279 3271
f 3271 3279 3280
f 2705 3274 3281
f 2705 3281 3282
f 2705 3282 2706
f 3235 2706 3282
f 3255 3238 3211
f 3211 3238 3213
f 3247 3259 3244
f 3248 3261 3247
f 3247 3261 3259
f 3242 3240 3268
f 3242 3268 3246
f 3246 3268 3269
f 2716 3256 3257
f 3257 2727 2716
f 2727 3257 2726
f 2726 3257 3258
f 3258 3260 2726
f 2726 3260 2728
f 3284 3285 3286
f 3284 3286 3287
f 3288 3289 3284
f 3284 3289 3285
f 3290 3289 3288
f 3290 3288 3291
f 3291 3288 3292
f 3293 3291 3292
f 3293 3294 3291
f 3295 3291 3294
f 3296 3297 3291
f 3295 3296 3291
f 3298 3295 3294
f 3299 3300 3295
f 3299 3295 3298
f 3295 3300 3296
f 3301 3302 3299
f 3299 3302 3300
f 3303 3304 3302
f 3303 3302 3301
f 3302 3305 3300
f 3300 3305 3296
f 3306 3299 1860
f 1860 3299 3298
f 3307 3308 3303
f 3303 3308 3304
f 3309 3310 3307
f 3307 3310 3308
f 3310 3309 3311
f 3311 3309 3312
f 3313 3309 3314
f 3314 3309 3307
f 3315 3316 3312
f 3312 3316 3311
f 3317 3312 3313
f 3313 3312 3309
f 3318 3316 3315
f 3315 3319 3318
f 3320 3321 3318
f 3320 3318 3319
f 3321 3322 3318
f 3323 3324 3325
f 3326 3323 3325
f 3327 3287 3328
f 3328 3287 3329
f 3285 3330 3286
f 3286 3330 3331
f 3332 3284 3327
f 3327 3284 3287
f 3333 3288 3332
f 3332 3288 3284
f 3334 3292 3333
f 3333 3292 3288
f 3335 3336 3292
f 3335 3292 3334
f 3294 3336 3335
f 3335 3337 3294
f 3294 3337 3298
f 3301 3299 3303
f 3303 3299 3306
f 3337 1861 1860
f 3337 1860 3298
f 3338 3306 1861
f 1861 3306 1860
f 3339 3303 3306
f 3339 3306 3338
f 3340 3320 3319
f 3340 3319 3315
f 3341 3307 3339
f 3339 3307 3303
f 3307 3341 3314
f 3342 3313 3341
f 3341 3313 3314
f 3335 3343 3337
f 3308 3344 3302
f 3310 3345 3308
f 3308 3345 3344
f 3341 3339 3346
f 3331 3330 3347
f 3289 3290 3330
f 3289 3330 3285
f 3348 3347 3330
f 3290 3349 3330
f 3330 3349 3348
f 3290 3291 3349
f 3350 3349 3291
f 3293 3292 3294
f 3294 3292 3336
f 3291 3351 3350
f 3351 3291 3297
f 3297 3296 3351
f 3351 3296 3352
f 3305 3353 3296
f 3296 3353 3352
f 3302 3353 3305
f 3353 3302 3354
f 3355 3356 3357
f 3357 3356 3358
f 3354 3302 3357
f 3344 3357 3302
f 3345 3355 3344
f 3344 3355 3357
f 3302 3304 3308
f 3359 3355 3360
f 3345 3360 3355
f 3318 3361 3359
f 3359 3360 3318
f 3362 3363 3322
f 3363 3361 3318
f 3318 3322 3363
f 3311 3360 3310
f 3310 3360 3345
f 3316 3318 3360
f 3316 3360 3311
f 3364 3365 3366
f 3366 3367 3364
f 3368 3369 2098
f 2098 3369 3370
f 3371 3365 3364
f 3372 3373 3374
f 3373 3375 3376
f 3334 3333 3377
f 3338 3346 3339
f 3338 3378 3346
f 3379 3380 3324
f 3324 3380 3325
f 3381 3370 3379
f 3379 3370 3380
f 3382 3383 3384
f 3369 3370 3381
f 3385 3324 3382
f 3382 3324 3383
f 3386 3384 3383
f 2073 2051 3387
f 3387 2051 3381
f 3387 3381 3388
f 3385 3379 3324
f 3379 3385 3388
f 3388 3381 3379
f 3326 3367 3366
f 3325 3367 3326
f 3325 3372 3367
f 3372 3325 3380
f 3370 2096 3380
f 3380 2096 3372
f 2096 3373 3372
f 3370 3369 2096
f 2096 3369 3373
f 3368 3373 3369
f 3368 3389 3373
f 3373 3389 3375
f 3389 3368 3375
f 3371 3333 3377
f 3365 3390 3377
f 3377 3371 3365
f 3390 3334 3377
f 3364 3334 3390
f 3390 3365 3364
f 3367 3335 3334
f 3334 3364 3367
f 3372 3343 3367
f 3367 3343 3335
f 3374 3337 3343
f 3343 3372 3374
f 3373 1861 3337
f 3373 3337 3374
f 3376 3338 3373
f 3373 3338 1861
f 3375 3338 3376
f 3375 3378 3338
f 3391 3346 3375
f 3375 3346 3378
f 2121 2071 3388
f 2121 3388 3392
f 3392 3388 3393
f 3393 3388 3385
f 2071 2073 3388
f 3388 2073 3387
f 3394 3395 3396
f 3396 3397 3394
f 3394 3398 3395
f 3399 3400 3396
f 3399 3396 3397
f 3394 3397 3395
f 3395 3397 3396
f 3401 3357 3402
f 3402 3357 3355
f 3359 3403 3402
f 3402 3355 3359
f 3403 3359 3361
f 3404 3405 3406
f 3404 3406 1367
f 1365 1367 3406
f 1367 3405 3404
f 3405 1514 3407
f 1368 1514 3405
f 1367 1368 3405
f 3306 3408 3303
f 3303 3408 3304
f 3409 3306 3303
f 3303 3410 3409
f 3395 3411 3398
f 3398 3411 3412
f 3398 3412 3413
f 3413 3412 3414
f 3415 3416 3417
f 3415 3417 3418
f 3419 3414 3420
f 3414 3419 3413
f 3421 3416 3422
f 3422 3416 3415
f 3420 3415 3419
f 3415 3420 3416
f 3415 3421 3422
f 3421 3415 3416
f 3411 3395 3423
f 3423 3395 3396
f 3424 3425 3426
f 3426 3427 3424
f 3312 3311 3315
f 3315 3311 3316
f 3315 3316 3340
f 3340 3316 3428
f 3316 3318 3321
f 3429 3430 3431
f 3424 3430 3429
f 3340 3428 3321
f 3340 3321 3320
f 3431 3320 3429
f 3429 3320 3321
f 3430 3427 3432
f 3427 3430 3424
f 1367 1368 1516
f 1367 1516 3433
f 3433 1516 1515
f 1515 1514 3433
f 3434 3435 3436
f 1531 3434 3437
f 1532 3434 1531
f 3435 3434 1532
f 1515 1531 3437
f 1515 3437 1514
f 3414 3412 3438
f 3414 3438 3439
f 3416 3440 3435
f 3414 3439 3440
f 3414 3440 3417
f 3417 3440 3416
f 3416 3435 3421
f 3421 3435 3441
f 1533 3421 3441
f 1533 3441 1531
f 3357 3401 3442
f 3442 3354 3357
f 3443 3403 3361
f 3444 3399 3397
f 3397 3445 3444
f 1860 3338 1861
f 3338 1860 3306
f 3338 3306 3378
f 3378 3306 3409
f 3378 3409 3346
f 3346 3409 3410
f 3414 3417 3416
f 3420 3414 3416
f 3313 3309 3317
f 3317 3309 3312
f 3428 3316 3321
f 3346 3410 3314
f 3314 3341 3346
f 3415 3418 3419
f 3419 3418 3413
f 1367 1514 1368
f 3435 1532 1531
f 3410 3303 3307
f 3307 3314 3410
f 3433 1514 1367
f 3421 1533 1534
f 3421 1534 3416
f 3395 3398 3446
f 3446 3396 3395
f 3357 3358 3355
f 3355 3358 3356
f 3447 3356 3448
f 3447 3449 3356
f 3450 3356 3449
f 3355 3356 3359
f 3359 3356 3450
f 3449 3444 3450
f 3451 3450 3444
f 3361 3451 3452
f 3452 3453 3361
f 3359 3450 3451
f 3451 3361 3359
f 3451 3444 3452
f 3452 3444 3445
f 3454 3455 3456
f 3453 3452 3455
f 3455 3454 3453
f 3406 3405 3457
f 3441 3435 1531
f 1861 3338 3378
f 3458 1861 3378
f 3304 3442 3401
f 3401 3308 3304
f 3308 3401 3402
f 3402 3310 3308
f 3310 3402 3311
f 3311 3402 3403
f 3311 3403 3316
f 3316 3403 3443
f 3316 3443 3318
f 3318 3443 3361
f 3321 3318 3453
f 3453 3318 3361
f 3429 3321 3453
f 3429 3453 3454
f 3429 3454 3456
f 3456 3424 3429
f 1861 2096 1859
f 3373 2096 1861
f 1861 3389 3373
f 3389 1861 3458
f 3458 3378 3389
f 3375 3389 3378
f 2097 2096 3373
f 3373 3389 2097
f 3459 3460 3461
f 3462 3459 3463
f 3460 3459 3462
f 3464 3465 3466
f 3467 3465 3464
f 3467 3468 3465
f 3469 3468 3467
f 3470 3471 3472
f 3472 3473 3470
f 3474 3470 3475
f 3471 3470 3474
f 3476 3461 3460
f 3477 3478 3461
f 3477 3461 3476
f 3469 3479 3468
f 3238 3480 3239
f 3239 3480 3263
f 3481 3482 3480
f 3480 3482 3263
f 3483 3484 3482
f 3482 3481 3483
f 3485 3486 3484
f 3484 3483 3485
f 3487 3488 3238
f 3238 3488 3480
f 3489 3490 3480
f 3489 3480 3488
f 3491 3492 3489
f 3489 3492 3490
f 3493 3485 3494
f 3494 3485 3483
f 3495 3496 3492
f 3495 3492 3491
f 3494 3483 3495
f 3495 3483 3496
f 3486 3497 3498
f 3498 3484 3486
f 3499 3500 3501
f 3502 3254 3503
f 3502 3504 3487
f 3502 3487 3254
f 3487 3504 3505
f 3506 3489 3504
f 3504 3489 3505
f 3507 3491 3506
f 3506 3491 3489
f 3508 3495 3491
f 3491 3507 3508
f 3509 3510 3495
f 3495 3508 3509
f 3463 3474 3511
f 3511 3512 3463
f 3510 3513 3493
f 3514 3513 3510
f 3510 3509 3514
f 3514 3515 3513
f 3459 3471 3474
f 3474 3463 3459
f 3461 3472 3471
f 3471 3459 3461
f 3502 3475 3504
f 3504 3475 3470
f 3473 3506 3504
f 3504 3470 3473
f 3499 3501 3516
f 3472 3461 3478
f 3478 3464 3472
f 3466 3507 3506
f 3506 3473 3466
f 3464 3478 3467
f 3467 3478 3517
f 3465 3508 3507
f 3507 3466 3465
f 3469 3467 3518
f 3517 3518 3467
f 3468 3509 3508
f 3508 3465 3468
f 3479 3514 3509
f 3509 3468 3479
f 3519 3479 3469
f 3520 3519 3469
f 3520 3469 3518
f 3520 3479 3519
f 3520 3521 3479
f 3492 3483 3481
f 3496 3483 3492
f 2348 3522 2346
f 2346 3522 3523
f 2361 3524 3522
f 3522 2348 2361
f 2361 3525 3524
f 2362 3525 2361
f 1026 3526 3525
f 3525 2362 1026
f 1026 1291 3526
f 3489 3488 3487
f 3489 3487 3505
f 3527 3463 3512
f 3512 3528 3527
f 3529 3460 3462
f 3529 3462 3530
f 3531 3476 3529
f 3529 3476 3460
f 3532 3529 3533
f 3516 3477 3476
f 3476 3531 3516
f 3523 3529 3532
f 3522 3531 3523
f 3523 3531 3529
f 3516 3478 3477
f 3501 3517 3516
f 3516 3517 3478
f 3500 3518 3517
f 3517 3501 3500
f 3534 3520 3500
f 3500 3520 3518
f 3524 3516 3531
f 3531 3522 3524
f 3525 3499 3524
f 3524 3499 3516
f 3535 3500 3499
f 3526 3535 3499
f 3499 3525 3526
f 3526 3500 3535
f 1291 3500 3526
f 1288 1320 3534
f 1288 3534 3500
f 3500 1291 1288
f 3494 3495 3510
f 3510 3493 3494
f 3464 3466 3472
f 3472 3466 3473
f 3492 3481 3480
f 3480 3490 3492
f 3536 3537 3538
f 3539 3536 3538
f 3540 3541 3542
f 3542 3541 3543
f 3544 2624 2623
f 3545 2624 3544
f 3546 3547 3548
f 3548 3547 3549
f 3550 3551 3549
f 3549 3552 3550
f 3553 3549 3547
f 3552 3549 3553
f 3553 3547 3554
f 3554 3547 3555
f 3550 3556 3551
f 3551 3556 3557
f 3558 3559 3560
f 3555 3559 3558
f 3559 3555 3561
f 3560 3559 3562
f 3563 3564 3565
f 3566 3558 3560
f 3560 3567 3566
f 3554 3555 3566
f 3566 3555 3558
f 3567 3560 3558
f 3558 3568 3567
f 3568 3558 3569
f 3570 3550 3552
f 3570 3552 3571
f 3542 3556 3550
f 3550 3570 3542
f 3572 3553 3573
f 3554 3573 3553
f 3571 3552 3553
f 3571 3553 3572
f 3574 3544 3565
f 3565 3544 3563
f 3566 3575 3554
f 3573 3554 3575
f 3567 3575 3566
f 3576 3575 3567
f 3576 3567 3577
f 3577 3545 3576
f 3545 3577 3568
f 3568 2624 3545
f 2623 2624 3568
f 2623 3568 3578
f 2623 3578 3544
f 3544 3578 3563
f 2326 3536 3539
f 3539 2327 2326
f 2381 2380 2418
f 2418 2380 3579
f 2418 3579 2326
f 2326 3579 3536
f 2327 3539 3538
f 3538 2328 2327
f 2328 3538 2422
f 2422 3538 3580
f 2423 3581 3582
f 3582 2424 2423
f 2422 3580 2423
f 2423 3580 3581
f 2424 3582 2426
f 2426 3582 3583
f 2379 3584 3585
f 2379 3585 2380
f 3586 3587 3588
f 3588 3587 3589
f 2426 3583 3587
f 3587 3586 2426
f 3588 3589 3590
f 3590 3591 3588
f 3592 3591 3593
f 3590 3593 3591
f 3583 3582 3542
f 3581 3541 3540
f 3581 3540 3582
f 3542 3582 3540
f 2678 2369 2385
f 3587 3570 3571
f 3571 3589 3587
f 2368 2385 2369
f 3583 3542 3570
f 3570 3587 3583
f 3590 3571 3572
f 3589 3571 3590
f 3590 3572 3573
f 3590 3573 3593
f 2384 3544 3574
f 3574 2385 2384
f 2742 2678 3574
f 3574 2678 2385
f 3594 3593 3595
f 3592 3593 3594
f 3594 3595 3596
f 3596 3595 3597
f 3593 3573 3595
f 3595 3573 3575
f 3596 3597 2383
f 2383 2386 3596
f 3595 3575 3597
f 3597 3575 2624
f 3545 3597 2624
f 2383 3597 3544
f 2383 3544 2384
f 3544 3597 3545
f 3545 2624 3575
f 3575 3576 3545
f 2213 3586 2214
f 2214 3586 3588
f 2212 2426 2213
f 2213 2426 3586
f 2429 3591 3598
f 3598 3591 3592
f 2214 3588 3591
f 3591 2429 2214
f 2403 2429 3598
f 2403 3598 2404
f 3598 3592 3594
f 3594 3599 3598
f 3599 3594 2434
f 2434 3594 3596
f 2434 3596 2299
f 2299 3596 2386
f 2404 3598 2412
f 2412 3598 3599
f 2412 3599 2413
f 2413 3599 2434
f 3577 3567 3568
f 3600 3601 3602
f 3603 3604 3605
f 3606 3603 3607
f 3603 3608 3607
f 3609 3610 3605
f 3604 3609 3605
f 3611 2166 2165
f 2193 3612 3613
f 3614 3615 2177
f 2178 2177 3615
f 3616 3617 3618
f 3618 3617 3619
f 3620 3371 3621
f 3622 3371 3620
f 3384 3623 3624
f 3332 3625 3333
f 3333 3625 3377
f 3626 3627 3628
f 3613 3629 2193
f 3386 3630 3631
f 3631 3601 3386
f 3632 3633 3634
f 3632 3634 3383
f 3383 3634 3386
f 3386 3634 3630
f 3323 3326 3633
f 3323 3633 3632
f 3383 3633 3632
f 3383 3634 3633
f 3635 3636 3602
f 3602 3636 3637
f 3638 3602 3639
f 3639 3602 3637
f 3640 3639 3641
f 3638 3639 3640
f 3601 3631 3636
f 3601 3636 3635
f 3642 3643 3644
f 3642 3644 3645
f 3645 3644 3601
f 3601 3623 3645
f 3601 3644 3643
f 3643 3386 3601
f 3384 3386 3642
f 3642 3386 3643
f 3646 3635 3647
f 3647 3635 3602
f 3648 3647 3602
f 3648 3602 3638
f 3649 3648 3638
f 3649 3638 3640
f 3623 3601 3646
f 3646 3601 3635
f 3602 3635 3600
f 3600 3635 3601
f 3630 3622 3631
f 3631 3622 3620
f 3633 3365 3371
f 3630 3371 3622
f 3633 3371 3630
f 3633 3326 3366
f 3633 3366 3365
f 3637 3616 3618
f 3637 3617 3616
f 3637 3618 3639
f 3637 3636 3617
f 3650 3615 3651
f 3651 3652 3650
f 3631 3620 3617
f 3631 3617 3636
f 3327 3328 3617
f 3620 3332 3327
f 3327 3617 3620
f 3620 3625 3332
f 3621 3625 3620
f 3371 3377 3625
f 3625 3621 3371
f 3382 3384 3626
f 3328 3619 3617
f 3653 3623 3624
f 3654 3623 3653
f 3655 3384 3624
f 3628 3655 3624
f 3628 3624 3653
f 3628 3627 3384
f 3628 3384 3655
f 3653 3624 3656
f 3656 3624 3647
f 3626 3384 3627
f 3393 3385 3626
f 3626 3385 3382
f 3603 3657 3658
f 3603 3658 3608
f 3659 3603 3606
f 3603 3659 3660
f 3603 3661 3657
f 3657 3661 3656
f 3614 2177 3610
f 3610 2177 3662
f 3656 3605 3653
f 3661 3605 3656
f 3653 3610 3628
f 3615 3609 3604
f 3615 3604 3651
f 3610 3653 3605
f 3615 3610 3609
f 3651 3604 3603
f 3651 3603 3660
f 3614 3610 3615
f 3663 3626 3628
f 3662 3663 3628
f 3662 3628 3610
f 3662 3626 3663
f 3664 3626 3662
f 3665 3393 3626
f 3665 3626 3664
f 3323 3632 3383
f 3324 3323 3383
f 3624 3623 3647
f 3623 3646 3647
f 3634 3633 3630
f 3642 3645 3623
f 3623 3384 3642
f 2183 3615 3650
f 1908 3615 2183
f 2183 3650 3652
f 2192 2183 3652
f 1907 2178 3615
f 1907 3615 1908
f 3666 3611 3613
f 3613 2165 3629
f 2165 3613 3611
f 3605 3661 3603
f 3667 3652 3668
f 3668 3652 3659
f 3667 2193 3652
f 3667 3668 2193
f 2193 2192 3652
f 2193 3668 3612
f 3651 3660 3659
f 3652 3651 3659
f 3601 3635 3602
f 3669 3670 3671
f 1852 3670 3669
f 3287 3286 3204
f 3286 3672 3204
f 3673 3674 3675
f 3673 3675 3676
f 3674 3673 3677
f 3677 3673 3678
f 3204 3286 3285
f 3204 3285 3679
f 3679 3285 3284
f 3288 3289 3680
f 3289 3681 3680
f 3675 3680 3681
f 3675 3682 3676
f 3681 3683 3682
f 3682 3675 3681
f 3683 3681 3676
f 1852 3669 3684
f 3684 1850 1852
f 1850 3684 1835
f 1835 3684 1836
f 3685 1873 1868
f 1868 1873 1870
f 3686 1873 3685
f 3685 3687 3686
f 1852 1850 3670
f 3670 1850 3677
f 3673 3676 3678
f 3683 3676 3682
f 3205 3204 3625
f 3625 3204 3679
f 3288 3680 3679
f 3679 3284 3288
f 3625 3679 3680
f 3625 3680 3377
f 3377 3680 3688
f 3688 3680 3675
f 1852 1853 3689
f 1875 3690 3691
f 3692 3690 1875
f 3693 3694 3347
f 3693 3347 3348
f 3695 3696 3697
f 3697 3698 3695
f 3671 3678 3684
f 3287 3204 3329
f 3329 3204 3200
f 3283 3625 3688
f 3688 3625 3377
f 3693 3699 3349
f 3700 3697 3690
f 3690 3697 3696
f 3701 3698 3697
f 3697 3700 3701
f 3696 3695 3690
f 3690 3695 3691
f 3701 3695 3698
f 3695 3701 3691
f 3699 3702 3703
f 3704 1868 3695
f 3695 3691 3704
f 1868 3691 3695
f 1872 3691 1870
f 1870 3691 1868
f 3704 3705 1868
f 3705 3704 3706
f 3705 3699 3703
f 3706 3699 3705
f 3703 3699 3349
f 3349 3707 3703
f 3348 3708 3707
f 3348 3707 3349
f 3349 3708 3348
f 3708 3349 3707
f 1868 1869 3695
f 1869 3709 3695
f 3350 3687 3349
f 3349 3687 3707
f 3351 3710 3687
f 3687 3350 3351
f 1869 1868 3711
f 3711 1868 3705
f 3351 3712 3710
f 3712 3351 3352
f 3703 3711 3705
f 3713 1869 3711
f 3711 3703 3713
f 3685 3713 3703
f 3685 1868 1869
f 1869 3713 3685
f 1870 1871 1868
f 1868 1871 1869
f 3713 3703 3714
f 3707 3715 3703
f 3703 3715 3714
f 3716 3713 3714
f 3714 3715 3716
f 3685 3713 3716
f 3685 3716 3687
f 3715 3707 3716
f 3353 3717 3352
f 3352 3717 3712
f 3707 3687 3716
f 3669 3671 3684
f 3678 3700 3690
f 3676 3701 3700
f 3700 3678 3676
f 3678 3690 3684
f 3684 3690 3692
f 3681 3706 3676
f 3676 3706 3701
f 3706 3681 3683
f 3683 3704 3706
f 3718 3719 3683
f 3683 3719 3704
f 3718 3683 3681
f 3718 3681 3289
f 3331 3347 3694
f 3331 3694 3286
f 3286 3694 3285
f 3693 3285 3694
f 3285 3693 3699
f 3285 3699 3289
f 3349 3289 3699
f 3289 3349 3290
f 3289 3719 3718
f 3289 3699 3719
f 3684 3692 1875
f 3684 1875 1836
f 3625 3283 3205
f 3205 3283 3214
f 3706 3704 3701
f 3701 3704 3691
f 1875 3691 1872
f 3719 3699 3704
f 3704 3699 3706
f 3348 3349 3693
f 3236 3235 3688
f 3235 3283 3688
f 2478 3720 2535
f 2535 3720 3721
f 118 2478 175
f 2478 118 3722
f 3722 118 119
f 3720 2478 3722
f 3723 2534 3721
f 3721 2534 2535
f 2534 3723 2557
f 2557 3723 3724
f 3725 2557 3724
f 3726 2557 3725
f 3727 3728 3729
f 3729 3728 3730
f 3728 3731 3732
f 2996 3063 3733
f 2996 3733 2997
f 3727 3731 3728
f 3731 3734 3732
f 3731 3735 3734
f 2474 2472 3736
f 3736 2578 2474
f 3737 3738 3725
f 3725 3738 3726
f 3739 3726 3738
f 3738 3740 3739
f 2578 3736 3733
f 2578 3733 3063
f 3741 3742 3737
f 3743 3738 3742
f 3742 3738 3737
f 3740 3738 3743
f 3734 3735 3742
f 3741 3734 3742
f 177 3729 3730
f 549 3727 177
f 177 3727 3729
f 2469 2482 2481
f 2469 2481 3744
f 3745 2473 2469
f 2469 3744 3745
f 3008 3746 3747
f 3747 3075 3008
f 3746 3008 3007
f 177 3730 606
f 606 137 177
f 3074 3075 183
f 183 3075 549
f 3748 3733 3745
f 2473 3745 3733
f 3749 3748 3743
f 3733 3748 3749
f 3733 3749 2997
f 3750 3751 3731
f 3750 3731 3752
f 3752 3731 3751
f 3751 3750 3752
f 2997 3749 3743
f 2997 3743 3753
f 3753 3743 3749
f 3753 3749 2997
f 3749 3743 3062
f 3749 3062 3012
f 3012 2997 3749
f 3752 3731 3727
f 3727 3754 3752
f 3754 3727 3755
f 3755 3727 3756
f 3755 3756 3757
f 3757 3756 3747
f 3757 3747 3752
f 3747 3731 3752
f 2481 2557 3726
f 2481 3726 3739
f 3731 3742 3735
f 3758 3759 3760
f 3760 3759 3722
f 3761 3760 126
f 126 3760 117
f 3762 3758 3760
f 3760 3761 3762
f 3763 3764 3759
f 3759 3758 3763
f 3754 3755 3757
f 3757 3752 3754
f 3734 3763 3758
f 3734 3758 3762
f 3730 3761 606
f 606 3761 126
f 3728 3762 3730
f 3730 3762 3761
f 3751 3742 3731
f 3742 3751 3062
f 3062 3743 3742
f 3720 3722 3759
f 3720 3759 3721
f 3747 3751 3731
f 3751 3747 3746
f 3764 3723 3759
f 3759 3723 3721
f 3007 3062 3746
f 3746 3062 3751
f 117 3760 119
f 119 3760 3722
f 3737 3725 3764
f 3764 3763 3737
f 3741 3737 3734
f 3734 3737 3763
f 2472 2473 3733
f 3733 3736 2472
f 3748 3745 3739
f 3739 3740 3748
f 3725 3724 3723
f 3723 3764 3725
f 3732 3734 3728
f 3728 3734 3762
f 3075 3074 3032
f 3032 3072 3075
f 3744 2481 3745
f 3745 2481 3739
f 3748 3740 3743
f 3756 3727 549
f 3075 3747 549
f 3747 3756 549
f 3765 3766 3767
f 3768 3765 3767
f 3765 3769 3770
f 3766 3765 3770
f 3766 3771 3772
f 3767 3766 3772
f 3773 3769 3774
f 3770 3769 3773
f 3773 3537 3775
f 3773 3774 3537
f 3772 3768 3767
f 3776 3777 2352
f 3776 3778 3777
f 3778 3776 2427
f 2427 3775 3778
f 2427 3773 3775
f 2427 3779 3773
f 2218 3780 3771
f 2423 2218 3771
f 3766 2423 3771
f 3773 2422 2423
f 3770 3773 2423
f 3773 2216 2422
f 2216 3773 3779
f 2352 3781 2353
f 2352 3777 3781
f 2423 3766 3770
f 3585 3782 3783
f 3784 2393 2409
f 3784 2409 2410
f 3785 3786 3787
f 2427 3776 2352
f 2427 2352 2354
f 3585 3783 3584
f 2220 3788 2313
f 2317 3789 2222
f 2317 2222 2219
f 2325 3790 2324
f 2325 2320 3790
f 2324 3790 2312
f 3781 2378 2418
f 2418 2378 2381
f 3791 3792 3787
f 3791 3787 766
f 3779 2427 3793
f 3793 2427 3776
f 3783 3785 3794
f 3792 3787 3794
f 3794 3787 3786
f 3785 3786 3794
f 3781 2379 2378
f 3781 3795 2379
f 3796 3783 3584
f 2379 3584 3796
f 2312 2281 2311
f 2311 2281 3784
f 2220 2224 3788
f 3788 2224 3797
f 2222 3798 2224
f 2222 2224 2220
f 2313 3799 2319
f 2319 3799 3800
f 2319 3800 2320
f 2320 3800 3801
f 3788 3797 2313
f 2313 3797 3799
f 2320 3801 3802
f 3802 3790 2320
f 3790 3802 2312
f 2312 3802 2281
f 2311 3784 2406
f 2406 3784 2410
f 2418 2353 3781
f 2218 2423 2216
f 2216 2423 2422
f 2283 2282 2353
f 2353 2282 3803
f 2353 3803 3804
f 3804 2352 2353
f 2281 3804 3803
f 2281 3803 2282
f 2352 3804 2281
f 3805 3797 2224
f 2224 2218 3805
f 3798 3780 2218
f 2218 2224 3798
f 2354 2352 3776
f 2354 3776 2427
f 3799 3779 3793
f 3793 3800 3799
f 3800 3793 3776
f 3776 3801 3800
f 3797 3805 3779
f 3797 3779 3799
f 3806 3776 3804
f 3804 3776 2352
f 3802 3776 3806
f 3776 3802 3801
f 3802 3806 3804
f 3802 3804 2281
f 3792 3791 3807
f 2281 2282 2393
f 2281 2393 3784
f 2216 3779 3805
f 2216 3805 2218
f 3808 3809 3810
f 3808 3810 3811
f 3812 3813 3809
f 3809 3808 3812
f 3814 3810 3815
f 3811 3810 3814
f 3816 3203 3817
f 3817 3203 3187
f 3812 3187 3813
f 3812 3817 3187
f 3816 3817 3812
f 3328 3329 3203
f 3328 3203 3816
f 3639 3818 3819
f 3820 3821 3822
f 3823 3824 3825
f 3808 3811 3814
f 3826 3816 3812
f 3329 3200 3203
f 3203 3200 3199
f 3827 3828 3829
f 3830 3827 3829
f 3831 3832 3833
f 3834 3618 3619
f 3834 3619 3835
f 3834 3836 3837
f 3838 3834 3837
f 3658 3839 3827
f 3641 3639 3819
f 3840 3841 3821
f 3842 3821 3841
f 3843 3844 3825
f 3845 3825 3844
f 3846 3808 3814
f 3847 3848 3849
f 3837 3836 3832
f 3825 3850 3822
f 3822 3850 3820
f 3825 3822 3821
f 3825 3821 3843
f 3836 3851 3832
f 3819 3820 3824
f 3850 3824 3820
f 3640 3641 3819
f 3819 3824 3640
f 3832 3852 3833
f 3649 3640 3853
f 3853 3640 3824
f 3853 3824 3854
f 3854 3824 3823
f 3855 3854 3823
f 3855 3823 3825
f 3821 3831 3833
f 3821 3833 3840
f 3820 3837 3832
f 3820 3832 3856
f 3821 3856 3831
f 3831 3856 3832
f 3618 3834 3639
f 3818 3639 3834
f 3841 3844 3842
f 3844 3841 3857
f 3858 3857 3841
f 3858 3841 3164
f 3819 3838 3837
f 3819 3837 3820
f 3844 3821 3842
f 3843 3821 3844
f 3819 3834 3838
f 3818 3834 3819
f 3858 3164 3859
f 3859 3164 3165
f 3859 3165 3860
f 3859 3860 3861
f 3861 3860 3862
f 3862 3860 3166
f 3862 3166 3150
f 3862 3150 3153
f 3836 3812 3851
f 3851 3812 3808
f 3832 3808 3846
f 3851 3808 3832
f 3847 3825 3845
f 3855 3825 3847
f 3847 3845 3844
f 3847 3844 3848
f 3848 3844 3863
f 3848 3863 3849
f 3656 3647 3648
f 3619 3328 3816
f 3619 3816 3835
f 3835 3816 3834
f 3834 3816 3826
f 3812 3834 3826
f 3836 3834 3812
f 3827 3853 3854
f 3839 3853 3827
f 3840 3833 3864
f 3840 3864 3841
f 3658 3649 3853
f 3658 3853 3839
f 3658 3648 3649
f 3656 3648 3658
f 3165 3129 3125
f 3125 3860 3165
f 3166 3860 3125
f 3166 3125 3124
f 3829 3855 3847
f 3865 3847 3849
f 3866 3847 3865
f 3847 3866 3829
f 3855 3827 3854
f 3828 3827 3855
f 3828 3855 3829
f 3844 3857 3858
f 3844 3858 3863
f 3867 3859 3861
f 3867 3861 3862
f 3824 3850 3825
f 3820 3856 3821
f 3434 3436 3868
f 3869 3870 3356
f 1840 1839 1843
f 1840 1843 1845
f 1846 1845 1843
f 1846 1843 3871
f 1846 3871 1860
f 1860 3871 3872
f 3408 1860 3872
f 3306 1860 3408
f 3396 3446 3423
f 3423 3446 3873
f 3398 3412 3873
f 3873 3446 3398
f 3712 3686 3687
f 3687 3710 3712
f 3418 3417 3414
f 3418 3414 3413
f 3874 3875 3876
f 1552 3877 3878
f 3878 1553 1552
f 3879 3880 1553
f 1553 3878 3879
f 1511 3880 3879
f 1511 3879 1512
f 3881 3882 3438
f 3881 3438 3412
f 1511 1512 3883
f 3883 1512 3868
f 3883 3868 3884
f 3884 3440 3883
f 3440 3884 3885
f 3885 3882 3440
f 3884 3868 3436
f 3435 3440 3436
f 3436 3440 3884
f 3884 3882 3885
f 3440 3882 3884
f 3883 3440 1532
f 1532 3440 3435
f 3416 1532 3435
f 1532 3416 1534
f 3417 3882 3881
f 3882 3417 3440
f 3356 3358 3869
f 3886 3712 3717
f 3886 3717 3887
f 3888 3874 3354
f 3354 3442 3888
f 1508 1553 3880
f 3880 1511 1508
f 3869 3358 3887
f 3717 3869 3887
f 3440 3439 3882
f 3444 3889 3399
f 3890 1874 3876
f 3890 3876 3875
f 3446 3396 3400
f 1513 1511 1532
f 1532 1511 3883
f 3438 3882 3439
f 3889 3444 3449
f 3686 3876 1873
f 1873 3876 1874
f 3686 3712 3876
f 3712 3352 3876
f 3352 3712 3874
f 3886 3874 3712
f 3874 3886 3354
f 3354 3886 3887
f 3423 3873 3411
f 3411 3873 3412
f 3412 3417 3881
f 1874 1843 1844
f 1874 3890 1843
f 1843 3890 3875
f 1843 3875 3871
f 3871 3875 3872
f 3358 3357 3354
f 3354 3887 3358
f 3872 3875 3408
f 3408 3875 3874
f 3408 3874 3888
f 3356 3870 3448
f 3408 3888 3304
f 3304 3888 3442
f 3447 3448 3889
f 3447 3889 3449
f 3876 3352 3874
f 3417 3412 3414
f 3768 3891 3892
f 3892 3891 3772
f 3893 3892 3772
f 3891 3768 3772
f 3780 3894 3772
f 3771 3780 3772
f 3892 3895 3768
f 3765 3896 3581
f 2213 3772 3894
f 3897 3898 3899
f 3900 3897 3899
f 3768 3898 3897
f 3895 3898 3768
f 3768 3901 3765
f 3768 3897 3901
f 3895 3892 3902
f 3898 3895 3902
f 3543 3901 3897
f 3543 3897 3903
f 3765 3543 3896
f 3765 3901 3543
f 3581 3769 3765
f 3899 3904 3905
f 3906 3904 3899
f 3907 3908 3909
f 3910 3911 3912
f 3913 3911 3910
f 3907 3914 3908
f 3902 3915 3898
f 3916 3915 3902
f 3899 3917 3918
f 3905 3917 3899
f 3893 3919 3910
f 3910 3912 3893
f 3920 3911 3913
f 3903 3921 3543
f 3543 3921 3922
f 3897 3900 3921
f 3921 3903 3897
f 3898 3915 3899
f 3906 3899 3915
f 3912 3923 3893
f 3892 3893 3923
f 3923 3916 3892
f 3892 3916 3902
f 3911 3924 3912
f 3912 3924 3923
f 3916 3925 3915
f 3924 3925 3916
f 3916 3923 3924
f 3924 3926 3925
f 3920 3927 3911
f 3911 3927 3924
f 3920 3928 3927
f 2317 2399 3929
f 2317 3929 3789
f 3789 3929 3798
f 3789 3798 2222
f 2234 3930 2400
f 2400 3930 2401
f 2232 3931 3930
f 3930 2234 2232
f 2238 3932 2232
f 2232 3932 3931
f 2237 3933 3932
f 2237 3932 2238
f 2287 3934 3933
f 3933 2237 2287
f 2287 3935 3934
f 2290 3935 2287
f 3919 3893 3772
f 3936 3919 2213
f 2213 3919 3772
f 3937 3910 3936
f 3936 3910 3919
f 3929 3894 3780
f 3780 3798 3929
f 2399 2213 3894
f 2399 3894 3929
f 2401 3936 2399
f 2399 3936 2213
f 3930 3937 2401
f 2401 3937 3936
f 3907 3913 3910
f 3910 3937 3907
f 3938 3920 3913
f 3909 3938 3907
f 3907 3938 3913
f 3908 3920 3938
f 3938 3909 3908
f 3931 3907 3930
f 3930 3907 3937
f 3931 3932 3907
f 3907 3932 3914
f 3933 3908 3932
f 3932 3908 3914
f 3933 3939 3908
f 3940 3941 3942
f 3607 3943 3941
f 3944 3945 3946
f 3668 3659 3946
f 3946 3659 3947
f 3613 3948 3666
f 3666 3948 3949
f 3950 3658 3827
f 3951 3607 3941
f 3866 3952 3953
f 3954 3866 3953
f 3955 3953 3956
f 3940 3942 3957
f 3958 3959 3960
f 3954 3953 3955
f 3849 3863 3961
f 3961 3863 3867
f 3961 3867 3862
f 3862 3962 3961
f 3962 3862 3153
f 3962 3153 3160
f 3859 3867 3863
f 3863 3858 3859
f 3963 3945 3964
f 3964 3945 3944
f 3827 3607 3950
f 3607 3827 3943
f 3607 3608 3950
f 3950 3608 3658
f 3965 3666 3966
f 3966 3666 3949
f 3866 3865 3849
f 3866 3849 3952
f 3952 3849 3953
f 3953 3849 3961
f 3953 3961 3962
f 3962 3956 3953
f 3956 3962 3955
f 3962 3160 3161
f 3955 3962 3161
f 3955 3161 3170
f 3866 3942 3829
f 3942 3866 3957
f 3957 3866 3954
f 3957 3954 3959
f 3959 3954 3955
f 3959 3955 3170
f 3959 3170 3960
f 3941 3827 3830
f 3946 3951 3941
f 3946 3941 3967
f 3944 3941 3940
f 3967 3941 3944
f 3943 3827 3941
f 3659 3606 3607
f 3659 3607 3947
f 3829 3941 3830
f 3946 3607 3951
f 3947 3607 3946
f 3941 3829 3968
f 3968 3829 3942
f 3969 3940 3957
f 3964 3944 3940
f 3964 3940 3969
f 3964 3969 3957
f 3964 3957 3959
f 3959 3970 3964
f 3959 3971 3970
f 3971 3959 3958
f 3970 3971 3958
f 3970 3958 3972
f 3946 3967 3944
f 3941 3968 3942
f 3657 3656 3658
f 2167 3611 3965
f 3965 3611 3666
f 3668 3946 3945
f 3945 3973 3668
f 3613 3612 3668
f 3613 3668 3973
f 3613 3973 3945
f 3949 3945 3963
f 3964 3949 3963
f 3613 3945 3948
f 3948 3945 3949
f 3949 3964 3966
f 3966 3964 3970
f 3970 3974 3966
f 3974 3970 3975
f 3975 3970 3972
f 3966 3974 3975
f 3966 3975 3976
f 3677 3678 3670
f 3670 3678 3671
f 3977 3978 3689
f 3977 3689 2113
f 3979 3670 3978
f 3978 3977 3979
f 3980 3677 3979
f 3670 3979 3677
f 3688 3675 3981
f 3981 3675 3674
f 3980 3981 3674
f 3980 3674 3677
f 3982 3983 2062
f 3980 3688 3981
f 3984 3985 3986
f 2114 2115 2619
f 2619 3987 2114
f 3980 3988 3688
f 3989 3990 2702
f 2701 2702 3990
f 3991 1984 2022
f 3992 3990 2036
f 3992 2036 3983
f 3993 2694 2692
f 2694 3993 2702
f 2702 3993 3994
f 2702 3995 3989
f 2702 3994 3995
f 1984 2034 2022
f 2022 2034 2021
f 3990 3996 2037
f 2037 2036 3990
f 3990 3989 3995
f 3990 3995 3996
f 2616 2701 3990
f 3993 3985 3986
f 3986 3995 3993
f 3997 3998 3993
f 3993 3998 3985
f 2709 2710 3997
f 3997 2710 3998
f 2751 3982 3991
f 3991 3999 2751
f 2022 1922 1984
f 1922 3991 1984
f 3999 3991 1922
f 2751 3983 3982
f 3983 2751 2750
f 2616 3990 2615
f 2615 3990 3992
f 2615 3992 2750
f 2750 3992 3983
f 3986 3977 2113
f 3984 3977 3986
f 3977 3985 3979
f 3977 3984 3985
f 3998 3980 3985
f 3985 3980 3979
f 2710 3236 3688
f 2710 3688 3981
f 3981 3688 3988
f 3981 3988 3980
f 2710 3981 3998
f 3998 3981 3980
f 3999 2619 2751
f 2114 3987 1922
f 1922 3987 3999
f 3987 2619 3999
f 2618 2615 2750
f 1956 2619 2115
f 1956 2115 4000
f 4000 2115 1957
f 1957 2115 2030
f 3993 2709 3997
f 2692 2709 3993
f 2037 3996 2038
f 3995 2038 3996
f 4000 1957 1956
f 1986 1984 3991
f 1986 3991 3982
f 3994 3993 3995
f 2062 1986 3982
f 2510 2451 4001
f 4001 2451 4002
f 4003 4001 4004
f 4004 4001 4002
f 4003 4004 4005
f 4005 4006 4003
f 1292 1293 4007
f 4007 4008 1292
f 1187 1188 4009
f 4009 1194 1187
f 1194 4009 4010
f 4010 4011 1194
f 4011 4010 4012
f 4012 4013 4011
f 4013 4012 4014
f 4014 4012 4015
f 4014 4015 4016
f 4016 4015 4017
f 4016 4017 4018
f 4018 4019 4016
f 1195 1194 4020
f 4020 1194 4011
f 4020 4011 4021
f 4021 4011 4013
f 4021 4013 4022
f 4022 4013 4014
f 4022 4014 4023
f 4023 4014 4016
f 1188 951 4024
f 4024 4009 1188
f 4009 4024 4025
f 4025 4010 4009
f 4010 4025 4012
f 4012 4025 4026
f 4012 4026 4015
f 4015 4026 4027
f 4015 4027 4028
f 4028 4017 4015
f 4018 4017 4028
f 4018 4028 4029
f 950 1232 2508
f 2508 1343 950
f 1343 2508 951
f 951 2508 2509
f 1234 1195 4020
f 1234 4020 1251
f 1251 4020 4021
f 951 2509 2510
f 951 2510 4024
f 1251 4021 1253
f 1253 4021 4022
f 4024 2510 4025
f 4025 2510 4001
f 4025 4001 4026
f 4026 4001 4003
f 4026 4003 4027
f 4027 4003 4006
f 4027 4006 4028
f 4028 4006 4030
f 4028 4030 4031
f 4031 4029 4028
f 1253 4022 4023
f 4023 4032 1253
f 1252 1253 4032
f 4032 1293 1252
f 1293 4032 4007
f 4007 4032 4033
f 1294 1292 4008
f 4008 1338 1294
f 3578 4034 3565
f 3578 3565 3563
f 4035 3551 4036
f 4036 3551 3557
f 3918 3917 4037
f 4037 4038 3918
f 4039 3558 3555
f 4039 3555 4040
f 4041 3899 3906
f 3906 4042 4041
f 2711 3568 2712
f 3555 4043 4040
f 3547 4043 3555
f 2717 2713 3906
f 3906 2713 4042
f 3549 3551 4043
f 4043 3547 3549
f 4044 4043 3550
f 3550 4043 3551
f 4045 4040 4044
f 4044 4040 4043
f 3922 4036 3556
f 3557 3556 4036
f 3550 3551 3921
f 3921 3551 4035
f 3922 4035 4036
f 3921 4035 4041
f 4041 4035 4046
f 3899 4046 4047
f 4047 4046 4035
f 4041 4046 3899
f 3900 3899 4047
f 3918 3899 4047
f 4047 3900 3918
f 3899 3918 3900
f 3899 3918 4038
f 4038 3906 3899
f 4048 4039 4045
f 4045 4039 4040
f 3558 4039 4048
f 3566 3558 4048
f 3568 3558 3566
f 4038 4037 3255
f 3255 4049 4038
f 3906 4038 2717
f 2717 4038 4049
f 2717 4049 3255
f 2717 3255 3254
f 4044 4041 3902
f 4044 3902 4045
f 4045 3902 3916
f 4042 3916 3902
f 3902 4041 4042
f 2738 2742 2708
f 2742 3574 3565
f 2624 3568 2711
f 4045 3916 4042
f 2713 4048 4042
f 4042 4048 4045
f 2712 4048 2713
f 2708 4034 3578
f 3578 2623 2708
f 4034 2708 3565
f 3574 3565 2708
f 3568 3566 4048
f 4048 2712 3568
f 2708 2742 3574
f 4041 4044 3550
f 3550 3921 4041
f 2716 2717 3256
f 3256 2717 3254
f 4050 4051 4052
f 4050 4052 4053
f 4053 4052 4054
f 4054 4052 4055
f 3809 4056 3810
f 3810 4056 4057
f 3813 3188 4058
f 3187 3188 3813
f 3813 4058 4056
f 4056 3809 3813
f 3810 4057 3815
f 3815 4057 4059
f 3815 4059 4051
f 4051 4050 3815
f 3188 3178 4056
f 3814 3815 4060
f 4060 3815 4050
f 4055 4061 4062
f 4062 4061 4063
f 4064 4065 4066
f 3147 3146 4067
f 4067 4068 3147
f 4058 3188 4056
f 4069 4070 2882
f 2882 4071 4069
f 2877 2966 2967
f 4072 4073 4074
f 4072 4074 4064
f 4072 4064 4075
f 4074 4073 4076
f 3207 3208 4077
f 4077 3208 4078
f 4077 4078 4073
f 4073 4078 4076
f 4076 4069 4071
f 4076 4071 4074
f 4074 4071 2882
f 2882 4064 4074
f 4055 4075 4061
f 4061 4075 4079
f 4051 4073 4080
f 4080 4052 4051
f 4056 3206 3207
f 3207 4057 4056
f 3178 4081 4056
f 4056 4081 3206
f 4059 4077 4073
f 4073 4051 4059
f 4057 3207 4059
f 4059 3207 4077
f 4066 2878 3135
f 3135 2878 2877
f 4079 4082 4066
f 4079 4066 4083
f 4065 4064 2966
f 2966 4064 2882
f 4065 2966 4066
f 2966 2878 4066
f 2966 2877 2878
f 4083 4066 3146
f 3146 4066 3135
f 4075 4064 4079
f 4079 4064 4082
f 4082 4064 4066
f 4070 4084 2882
f 2882 4084 2883
f 4075 4073 4072
f 4061 4079 4063
f 4063 4079 4083
f 4063 4083 3094
f 3094 4083 3146
f 3146 3135 3147
f 4085 4086 4087
f 4087 4086 4088
f 4089 4090 4091
f 4091 4090 4092
f 2877 2880 2878
f 2878 2880 2879
f 4093 2880 2877
f 2880 4093 4094
f 4095 4096 2576
f 2576 4097 4095
f 4083 4079 4085
f 4085 4079 4086
f 4093 2877 2878
f 4098 2571 4099
f 4099 2571 2569
f 4089 4100 4101
f 4101 4102 4089
f 4103 3002 2914
f 2914 3002 2911
f 4094 2916 2880
f 2880 2916 2925
f 4104 4093 2878
f 2522 2521 2575
f 4105 4106 4095
f 4095 4106 4096
f 2556 2460 2577
f 2575 2576 4096
f 4096 4102 2575
f 4107 2577 4108
f 4108 2577 2522
f 4089 4102 4106
f 4106 4102 4096
f 2575 4108 2522
f 4109 4099 4107
f 4109 4107 4110
f 4107 4108 2575
f 4110 4111 4109
f 4111 4110 4112
f 4105 4089 4106
f 4110 4107 4101
f 4089 4105 4090
f 4093 4092 4090
f 4090 4105 4093
f 4102 4101 2575
f 2575 4101 4107
f 4110 4101 4100
f 4100 4088 4110
f 4089 4088 4100
f 4088 4089 4087
f 4085 4087 4091
f 4091 4087 4089
f 4113 4086 4079
f 4066 2878 2884
f 2884 4082 4066
f 4066 4091 2878
f 4092 4093 4091
f 4093 4104 4091
f 2878 4091 4104
f 4085 4091 4066
f 4085 4066 4083
f 4082 2884 4064
f 4083 4066 4082
f 4083 4082 4079
f 2576 2580 4097
f 4097 2580 4095
f 3002 4095 2580
f 4105 4095 3002
f 4105 3002 4103
f 4094 4093 4103
f 4103 4093 4105
f 4103 2914 4094
f 4094 2914 2916
f 2963 4114 2979
f 2979 4114 4115
f 2903 2904 4116
f 4116 2904 4117
f 2963 2903 4114
f 4114 2903 2904
f 4117 2903 4116
f 4117 2904 2903
f 4118 2904 4119
f 4119 2904 4117
f 1573 4120 1400
f 1400 4120 1401
f 1596 4121 1573
f 1573 4121 4120
f 1603 4121 1596
f 1603 4122 4121
f 4122 3406 4121
f 4122 1603 1365
f 1365 3406 4122
f 4123 1394 1422
f 1394 4123 1416
f 1422 1416 4123
f 1394 1393 4124
f 4125 4126 4127
f 4127 4128 4125
f 3457 4129 4125
f 3457 4125 4121
f 2901 2903 2963
f 2963 2896 2901
f 4130 2902 4131
f 4131 2902 2980
f 4121 4125 4128
f 4128 4120 4121
f 4130 4131 4124
f 4124 1393 4130
f 2897 2899 4118
f 2897 4118 4127
f 4128 4127 4119
f 4119 4127 4118
f 1401 4119 1397
f 1397 4119 4117
f 4120 4128 4119
f 4119 1401 4120
f 2899 4132 4115
f 4115 4114 2899
f 4117 2904 4130
f 4130 2904 2902
f 1397 4117 4130
f 4130 1393 1397
f 2904 4118 4114
f 4114 4118 2899
f 3406 3457 4121
f 1239 1238 1213
f 4133 4134 4135
f 4008 4007 4136
f 4137 4008 4136
f 4138 1290 4139
f 4140 4133 4135
f 4135 4141 4142
f 4136 4143 4144
f 4145 4146 3479
f 4145 3479 3521
f 4136 4144 4141
f 4141 4144 4142
f 4142 4144 4147
f 4145 4142 4146
f 4135 4142 4145
f 3479 4146 4148
f 3479 4148 3514
f 4032 4023 4033
f 4033 4023 4149
f 4007 4033 4136
f 4136 4033 4143
f 4137 4133 4008
f 1338 4008 4133
f 4133 4137 4136
f 4134 4136 4141
f 4134 4141 4135
f 4133 4136 4134
f 1216 1310 4139
f 4139 1238 1216
f 1238 4139 1290
f 1290 1213 1238
f 3520 4145 3521
f 1320 4145 3520
f 3520 3534 1320
f 1321 4145 1320
f 1322 4150 1321
f 1321 4150 4145
f 1322 4151 4135
f 1322 4135 4150
f 1334 1338 1335
f 1335 1338 4133
f 4139 4152 4151
f 4151 4138 4139
f 1310 1335 4139
f 4139 1335 4152
f 4138 4151 1322
f 4138 1322 1290
f 1335 4133 4152
f 4152 4133 4140
f 4152 4140 4135
f 4152 4135 4151
f 4150 4135 4145
f 2979 4115 4132
f 4132 2978 2979
f 2898 2978 4132
f 2899 2898 4132
f 4153 2900 4127
f 4127 2900 2897
f 4153 4127 4126
f 4153 4126 1480
f 1480 4126 1352
f 4154 1352 4126
f 1352 4154 1354
f 4154 4129 4155
f 4155 1354 4154
f 1354 4155 1353
f 1353 4155 1369
f 4155 4156 1369
f 4156 4155 3407
f 1514 1369 3407
f 3407 1369 4156
f 2965 2900 4157
f 4157 1625 2965
f 3877 1552 1625
f 1625 4157 3877
f 2900 4153 4157
f 4157 4153 1480
f 1352 3877 4157
f 4157 1480 1352
f 4126 4158 4127
f 4127 4158 2897
f 4125 4129 4126
f 2897 4159 2899
f 2899 4159 4132
f 1512 3879 3878
f 3878 1354 1512
f 4154 4126 4129
f 4155 4129 3405
f 3405 4129 3457
f 1512 1369 3434
f 3437 3434 1514
f 1514 3434 1369
f 4132 4159 2897
f 4126 2897 4158
f 4127 2897 4126
f 1354 3878 1352
f 1352 3878 3877
f 3434 3868 1512
f 2897 2899 4132
f 3405 3407 4155
f 4160 4161 4162
f 4161 4163 4164
f 4162 4161 4164
f 4165 4161 4160
f 4166 4165 4167
f 4167 4168 4166
f 4169 4170 4171
f 4166 4169 4171
f 4172 4161 4165
f 4165 4173 4172
f 4166 4171 4173
f 4173 4165 4166
f 1921 1920 4174
f 4174 2175 1921
f 2184 4175 1920
f 2184 1920 1919
f 4175 2184 2185
f 2185 4162 4175
f 4173 2748 4172
f 4172 2748 2752
f 2175 4174 2172
f 2172 4174 2173
f 4162 2185 2186
f 2186 4164 4162
f 4171 2603 2748
f 2748 4173 4171
f 4176 2173 4177
f 4176 2174 2173
f 2174 2604 4178
f 4178 4179 2174
f 4174 2748 2173
f 1920 2752 4174
f 4174 2752 2748
f 4177 2173 4171
f 4171 2173 2603
f 4177 4171 4170
f 4170 4176 4177
f 2603 2173 2748
f 2752 1920 4172
f 4172 1920 4175
f 4162 4161 4172
f 4172 4175 4162
f 4164 4163 4162
f 4162 4163 4161
f 2453 4002 2451
f 4002 2453 4004
f 4180 4181 4182
f 4183 4182 4181
f 4111 4184 4185
f 4186 4185 4184
f 4187 4005 4188
f 4189 4111 4183
f 4183 4111 4182
f 4189 4183 4190
f 4190 4183 4181
f 4111 4189 4190
f 4190 4184 4111
f 4191 4005 4192
f 4005 4187 4192
f 4191 4192 4187
f 4191 4187 4005
f 4193 4194 4195
f 4195 4194 4196
f 4197 4190 4194
f 4197 4194 4193
f 4188 4184 4190
f 4190 4198 4188
f 4031 4198 4197
f 4197 4198 4190
f 4030 4188 4031
f 4031 4188 4198
f 2453 2570 4199
f 4199 4185 2453
f 4005 4186 4188
f 4188 4186 4184
f 4006 4005 4030
f 4030 4005 4188
f 4199 4200 4182
f 4182 4200 4201
f 4185 4199 4182
f 4182 4111 4185
f 4194 4190 4181
f 4181 4196 4194
f 4004 2453 4185
f 4185 4005 4004
f 4005 4185 4187
f 4185 4186 4005
f 4029 4031 4202
f 4202 4031 4197
f 4202 4197 4203
f 4203 4197 4193
f 4019 4018 4204
f 4204 4205 4019
f 4205 4204 4206
f 4206 4204 4207
f 3514 4147 3515
f 4148 4147 3514
f 4023 4016 4149
f 4149 4016 4019
f 4149 4019 4205
f 4149 4205 4208
f 4209 4210 3486
f 3486 3485 4209
f 4206 4207 4211
f 4211 4207 4212
f 4211 4212 4210
f 4211 4210 4209
f 3513 4209 3485
f 3485 3493 3513
f 4213 4206 4211
f 4211 4214 4213
f 4214 4211 4209
f 4214 4209 3513
f 4208 4205 4206
f 4206 4213 4208
f 4033 4149 4208
f 4208 4143 4033
f 4147 4214 3513
f 3513 3515 4147
f 4213 4214 4208
f 4143 4208 4214
f 4214 4147 4143
f 4146 4147 4148
f 4142 4147 4146
f 4144 4143 4147
f 4215 4216 4217
f 4218 4216 4217
f 4215 4218 4217
f 4218 3972 4216
f 3972 3958 4216
f 3172 3170 3171
f 3958 3172 4216
f 3958 3170 3172
f 3960 3170 3958
f 2195 3976 4219
f 2194 3976 2195
f 4217 4216 4220
f 3975 3972 4218
f 3975 4218 4215
f 4215 4221 1802
f 1802 4222 4215
f 2166 3611 2170
f 2170 3611 2167
f 3976 2194 3966
f 3966 2194 3965
f 1712 1803 4220
f 1720 3163 1757
f 1757 1717 1720
f 4216 4223 4220
f 4216 3172 3174
f 4216 3174 4223
f 4223 3174 4220
f 3175 4220 3174
f 3176 4220 3175
f 1712 4220 3176
f 1712 3176 1720
f 4215 4217 4220
f 4215 4220 4221
f 4221 4220 1802
f 1802 4220 1803
f 2165 2193 3629
f 2194 2167 3965
f 2194 2168 2167
f 3975 4215 3976
f 3976 4215 4219
f 4215 2195 4219
f 2195 4215 4222
f 2195 4222 1802
f 2195 1802 2140
f 2754 2370 4224
f 4225 4224 2370
f 4226 2621 2620
f 2428 2655 2654
f 2730 2428 2654
f 2686 2689 2734
f 2734 2689 4227
f 4228 2725 2648
f 2648 2725 2649
f 2428 2674 2730
f 2730 2674 2673
f 2369 2678 2428
f 2428 2678 2674
f 4228 2689 2686
f 4228 2686 2725
f 2648 2687 2689
f 2689 4228 2648
f 2734 4226 2620
f 4227 4226 2734
f 2689 2621 4226
f 4226 4227 2689
f 2371 2428 2730
f 2730 2372 2371
f 4224 2723 2648
f 4225 2723 4224
f 2370 2654 2723
f 2370 2723 4225
f 4224 2648 2754
f 2754 2648 2650
f 2649 2651 2648
f 2648 2651 2650
f 2754 2650 2591
f 2591 2650 2651
f 2372 2730 2370
f 2370 2730 2654
f 2332 2331 2754
f 2331 2370 2754
f 2332 2754 2591
f 4229 4050 4054
f 4230 4055 4062
f 4054 4055 4230
f 4230 4062 4063
f 4063 4231 4230
f 4232 3088 3087
f 4230 4231 4232
f 4232 3087 4230
f 4233 4060 4229
f 4229 4060 4050
f 4233 4229 4054
f 4233 4054 4234
f 4234 4054 4235
f 4235 4054 4230
f 3087 3113 4235
f 4235 4230 3087
f 4233 4234 4235
f 4235 4236 4233
f 3833 4237 4238
f 4050 4053 4054
f 4231 4063 3094
f 4063 4232 3094
f 4232 4231 3094
f 3088 4232 3094
f 4239 3814 4233
f 4233 3814 4060
f 3864 3833 4238
f 4236 4235 3113
f 3113 3114 4236
f 3864 4238 3130
f 3130 3127 3864
f 3814 3832 3846
f 3852 3832 3814
f 4237 3833 4239
f 4237 4239 4233
f 3833 3852 4239
f 4239 3852 3814
f 3127 3164 3841
f 3841 3864 3127
f 4238 4236 3130
f 3130 4236 3114
f 4238 4237 4233
f 4238 4233 4236
f 3778 4240 3777
f 3778 3536 4240
f 3778 3537 3536
f 3775 3537 3778
f 3781 4240 3795
f 3777 4240 3781
f 3580 3774 3769
f 3769 3581 3580
f 3580 3538 3774
f 3774 3538 3537
f 3536 3579 3795
f 3536 3795 4240
f 3921 4035 3922
f 3900 4047 3921
f 3921 4047 4035
f 3783 3785 3584
f 3584 3785 4241
f 3542 3543 3556
f 3922 3556 3543
f 3781 3579 3795
f 4242 3585 4243
f 2380 3585 4242
f 4242 3579 2380
f 3795 4243 3585
f 3795 3585 2379
f 4243 3795 4242
f 3579 4242 3795
f 3896 3543 3541
f 3896 3541 3581
f 4244 4245 4246
f 4247 4244 4248
f 4247 4245 4244
f 4248 4244 4249
f 4250 4249 4244
f 3193 4250 4244
f 4250 4251 4252
f 4250 3193 4251
f 4253 4254 4250
f 4252 4253 4250
f 3189 3224 3193
f 3193 3224 4251
f 4244 3196 3186
f 3186 3193 4244
f 4246 3181 3196
f 3196 4244 4246
f 4245 3181 4246
f 4245 3177 3181
f 4247 4248 4249
f 4249 4255 4247
f 4252 4251 4256
f 4256 4251 3224
f 4257 4258 4259
f 4260 4201 4182
f 4181 4257 4260
f 4260 4182 4181
f 4258 4257 4196
f 4196 4257 4181
f 4183 4189 4181
f 4181 4189 4190
f 4261 4259 4258
f 4258 4262 4263
f 4263 4261 4258
f 4196 4195 4258
f 4258 4195 4262
f 4107 4099 2569
f 2569 2577 4107
f 4111 4189 4182
f 4182 4189 4183
f 4185 4199 4098
f 4098 4099 4185
f 4111 4185 4099
f 4109 4111 4099
f 4264 4265 4195
f 4195 4265 4262
f 4262 4265 4266
f 4262 4266 4263
f 4264 4267 4268
f 4264 4268 4269
f 4270 4271 4272
f 4272 4269 4270
f 4273 4250 4274
f 4274 4250 4252
f 4272 4265 4269
f 4269 4265 4264
f 4271 4270 3811
f 3498 4266 3497
f 3497 4266 4265
f 3497 4265 4274
f 4272 4274 4265
f 4274 4272 4271
f 4271 4273 4274
f 4255 4273 4271
f 4246 4255 4271
f 3811 4246 4271
f 4255 4246 4247
f 4247 4246 4245
f 4273 4249 4250
f 4255 4249 4273
f 4274 4252 3498
f 3498 3497 4274
f 4190 4189 4194
f 4194 4189 4275
f 4194 4275 4276
f 4276 4277 4194
f 4277 4276 4053
f 4052 4053 4276
f 4267 4196 4194
f 4111 4112 4278
f 4278 4275 4189
f 4278 4189 4111
f 4195 4196 4264
f 4264 4196 4267
f 4276 4275 4113
f 4113 4061 4276
f 4277 4053 4268
f 4277 4268 4267
f 4055 4052 4061
f 4267 4194 4277
f 4112 4110 4278
f 4278 4110 4088
f 4278 4088 4086
f 4086 4275 4278
f 4275 4086 4113
f 4079 4061 4113
f 4061 4052 4276
f 4279 4280 4281
f 4281 4282 4279
f 4282 4281 1911
f 4283 4282 1911
f 4282 4283 2439
f 1911 4282 1950
f 1950 1909 1911
f 1992 4283 1917
f 1917 4283 1911
f 2432 4279 2439
f 2439 4279 4282
f 2442 1992 1932
f 1932 2123 2442
f 2440 2436 2439
f 2439 4283 2440
f 2440 4283 1992
f 1992 2442 2440
f 2364 2439 2365
f 2365 2439 2436
f 2365 2436 2339
f 2339 2436 2440
f 2339 2440 2206
f 2206 2440 2442
f 3321 3431 3429
f 3321 3320 3431
f 3429 3431 3424
f 3430 3424 3431
f 3424 3432 3427
f 3432 3424 3430
f 3424 3322 3321
f 3429 3424 3321
f 4284 3397 3399
f 3399 4285 4284
f 3362 3456 4284
f 3452 4284 3455
f 3455 4284 3456
f 3452 3397 4284
f 3452 3445 3397
f 3424 3456 3322
f 3322 3456 3362
f 3450 4286 3356
f 3356 4286 3870
f 3453 3361 3362
f 3362 3361 3363
f 4286 3889 3448
f 3448 3870 4286
f 4285 3399 3889
f 4285 3889 4286
f 3359 4286 3450
f 3361 4285 3359
f 3359 4285 4286
f 3362 4284 4285
f 3362 4285 3363
f 3361 3363 4285
f 3363 3361 3453
f 3362 3363 3453
f 4287 766 3786
f 3786 766 3787
f 4288 754 753
f 2584 2581 754
f 2584 754 4288
f 766 733 2584
f 2584 3787 766
f 3787 4288 770
f 3787 2584 4288
f 770 4288 753
f 2533 2532 1125
f 1125 1124 2533
f 754 2533 1124
f 1124 997 754
f 3791 766 3807
f 3807 766 4287
f 3807 4287 3786
f 3786 3794 3807
f 3794 3786 3792
f 3792 3786 3787
f 954 2498 2541
f 2541 1346 954
f 1210 1346 1229
f 1229 1346 2541
f 766 3787 770
f 3807 3794 3792
f 4081 3207 3206
f 4073 3207 4077
f 4289 3208 4076
f 4080 4290 4076
f 4076 4073 4080
f 4075 4064 4080
f 4080 4064 4290
f 4073 4076 3208
f 3208 3207 4073
f 2881 4291 4084
f 4076 4070 4069
f 4290 4070 4076
f 4064 2882 4290
f 4290 2882 4070
f 2883 2881 4084
f 4078 3208 4289
f 4078 4289 4076
f 3925 2718 3502
f 3904 4037 3917
f 3904 3917 3905
f 3502 3503 3925
f 3254 3255 3904
f 3904 3255 4037
f 3254 3238 3255
f 3487 3238 3254
f 2717 3254 3904
f 2717 3904 3906
f 3915 3925 3906
f 3906 3925 2717
f 3925 3254 2717
f 3925 3503 3254
f 4203 4029 4202
f 4292 4029 4203
f 4264 4195 4262
f 4265 4264 4262
f 4207 4204 4203
f 4203 4204 4292
f 4018 4029 4292
f 4018 4292 4204
f 4210 4293 3486
f 3486 4293 3497
f 4210 4294 4293
f 4210 4295 4294
f 4295 4207 4203
f 4295 4203 4294
f 4265 3497 4264
f 4264 3497 4293
f 4294 4195 4293
f 4293 4195 4264
f 4203 4193 4294
f 4294 4193 4195
f 4210 4207 4295
f 4212 4207 4210
f 4162 4164 4160
f 4296 4297 4298
f 4296 4160 4297
f 4160 4164 4297
f 4160 4299 4300
f 4296 4299 4160
f 4301 4299 4298
f 4296 4298 4299
f 4298 4164 4302
f 4298 4297 4164
f 4303 4298 4304
f 4301 4298 4303
f 4302 4305 4298
f 4298 4305 4304
f 4303 4304 4305
f 4305 1944 4303
f 4302 4164 2186
f 4302 2186 2159
f 4306 2986 4307
f 2985 2986 4306
f 4131 2985 4306
f 4131 4306 4124
f 1422 4124 4306
f 4124 1422 1416
f 1394 1416 1422
f 1394 4124 1416
f 2987 2840 2839
f 2839 2841 2987
f 2986 2987 4307
f 4307 2987 2841
f 4307 2841 2839
f 4307 2839 4306
f 4306 2839 1422
f 1422 2839 2843
f 1422 2843 1584
f 1584 1423 1422
f 4308 4299 4301
f 4309 4299 4308
f 1951 4301 4310
f 4281 4301 1951
f 4301 4281 4280
f 4280 4308 4301
f 4280 4309 4308
f 4311 4309 4280
f 4279 4311 4280
f 1950 4282 4281
f 1950 4281 1951
f 2057 2098 3370
f 2121 3392 3393
f 2121 3393 2139
f 2057 3370 2052
f 2051 2056 2057
f 2051 2057 2052
f 3381 2051 3370
f 2052 3370 2051
f 2098 2097 3389
f 3389 3368 2098
f 2076 2078 3665
f 2076 3665 3664
f 2177 2076 3662
f 3662 2076 3664
f 2078 2077 3665
f 2027 3665 2077
f 3393 3665 2139
f 2139 3665 2027
f 3232 4312 4313
f 3232 4314 4312
f 4315 3277 3278
f 4315 3278 3216
f 3482 4315 3263
f 3263 4315 3216
f 3484 4315 3482
f 4315 3484 3498
f 4316 4263 3277
f 3498 4263 4316
f 3498 4266 4263
f 4315 4316 3277
f 4315 3498 4316
f 3689 1853 2113
f 2062 2036 2064
f 3983 2036 2062
f 3689 3670 1852
f 3670 3689 3978
f 3995 3986 2038
f 2085 2038 3986
f 3986 2113 4317
f 4317 2085 3986
f 2085 4317 2113
f 4318 4319 4320
f 4320 4319 4321
f 4322 4318 4320
f 4320 4323 4322
f 4319 4318 4324
f 4318 4325 4324
f 4320 4321 2986
f 4326 4320 2986
f 4327 2986 4307
f 2986 4321 4327
f 4328 4322 4329
f 4322 4323 4329
f 4323 4320 4326
f 4329 4323 4326
f 4321 4319 2986
f 4319 4324 2986
f 4330 4300 4177
f 4176 4330 4177
f 4331 4332 4176
f 4333 4331 4176
f 2145 2174 4176
f 2150 2145 2174
f 4332 2150 2174
f 4176 4332 2174
f 4179 4178 2604
f 2174 4179 2604
f 4176 4177 4300
f 2150 4332 4331
f 4333 4176 4334
f 4334 4176 4330
f 4300 4330 4176
f 4335 4336 2149
f 4337 2251 2382
f 2382 4336 4337
f 4336 4331 4333
f 4335 4331 4336
f 4335 2149 2150
f 4331 4335 2150
f 2432 2251 4311
f 2250 2251 2432
f 1995 2149 4336
f 2035 1995 4336
f 2035 4336 2382
f 4338 4339 4340
f 4098 4338 4341
f 4341 4338 4339
f 4342 4343 4344
f 4343 4201 4344
f 4344 4201 4342
f 4098 4199 4338
f 4201 4343 4338
f 4201 4338 4199
f 4199 4182 4201
f 4180 4182 4201
f 4201 4260 4180
f 4196 4181 4258
f 4258 4181 4257
f 4263 4261 4259
f 4259 4261 4257
f 4262 4257 4261
f 4261 4263 4262
f 4262 4258 4257
f 4258 4262 4196
f 4195 4196 4262
f 4181 4180 4257
f 4257 4180 4260
f 4160 4300 4165
f 4168 4167 4165
f 4300 4168 4165
f 4300 4166 4168
f 4300 4169 4166
f 4300 4330 4169
f 4176 4169 4330
f 4176 4170 4169
f 4334 4330 4299
f 4299 4330 4300
f 3924 3928 3926
f 3474 3928 3511
f 3474 3475 3928
f 3512 4345 3920
f 3927 3928 3924
f 4345 3928 3920
f 3512 3511 4345
f 4345 3511 3928
f 3928 2718 3925
f 3925 3926 3928
f 3928 3475 3502
f 3928 3502 2718
f 4053 4052 4051
f 4053 4051 4050
f 4346 4347 4057
f 4057 3810 4346
f 4050 4051 4346
f 4346 4051 4347
f 4057 4347 4051
f 4055 4075 4080
f 4080 4052 4055
f 4051 4059 4057
f 4051 4073 4077
f 4077 4059 4051
f 3512 3920 4348
f 3939 4348 3908
f 3908 4348 3920
f 3939 3512 4348
f 3528 3512 3939
f 3934 3939 3933
f 3935 3528 3934
f 3934 3528 3939
f 3811 3810 3809
f 3809 3808 3811
f 4270 4346 3811
f 3811 4346 3810
f 3808 3809 3177
f 3177 4245 3808
f 4245 3811 3808
f 4245 4246 3811
f 4309 4337 4336
f 4349 4309 4336
f 4309 4311 2251
f 4337 4309 2251
f 4309 4349 4334
f 4299 4309 4334
f 4336 4334 4349
f 4336 4333 4334
f 4279 2432 4311
f 4261 4313 4259
f 4263 3232 4313
f 4263 4313 4261
f 4313 4312 4259
f 4315 3223 3232
f 4315 3232 4263
f 4315 4263 3498
f 3498 3223 4315
f 4256 3224 4315
f 4315 3224 3223
f 4256 4315 3498
f 4256 3498 4252
f 2290 2254 3935
f 3935 2254 4350
f 2340 4351 4350
f 4350 2254 2340
f 3530 3527 3528
f 4350 3528 3935
f 4350 3530 3528
f 4351 3530 4350
f 4310 4302 2159
f 2158 4310 2159
f 1944 4301 4303
f 4310 4301 1944
f 1951 4310 2158
f 1951 2158 4352
f 4352 2158 2060
f 1945 2060 2158
f 1944 4305 4310
f 4310 4305 4302
f 2060 1951 4352
f 1910 1951 2060
f 4201 4343 4342
f 4201 4200 4338
f 2570 4098 4199
f 4098 2570 2571
f 4199 4338 4200
f 4269 4268 4353
f 4353 4268 4053
f 4353 4053 4050
f 4050 4060 4353
f 4060 4050 4346
f 4060 4346 4270
f 4269 4353 4060
f 4060 4270 4269
f 3527 3530 3462
f 3463 3527 3462
f 4064 2884 2882
f 4354 3532 3523
f 4354 3523 4351
f 3533 3529 4355
f 4355 3529 3530
f 4355 3530 4351
f 3532 3533 4355
f 3532 4355 4351
f 3532 4351 3523
f 4328 4325 4318
f 4318 4322 4328
f 4326 2986 4325
f 4325 2986 4324
f 2980 2984 4324
f 2980 4324 4325
f 2980 4325 4326
f 4326 2986 4131
f 2986 2985 4131
f 4326 4131 2980
f 2986 4324 2984
f 4169 4170 4356
f 4169 4356 4357
f 4358 3207 4081
f 3206 3207 4358
f 4358 4081 3206
f 4325 4328 4326
f 4329 4326 4328
f 4098 4341 4339
f 4339 4338 4098
f 4359 4259 4314
f 4314 4259 4312
f 4263 4359 4314
f 4314 3232 4263
f 4327 4321 4307
f 4321 2986 4307
f 4263 4259 4359
f 2340 2346 4351
f 2346 3523 4351
f 3354 3357 3353
f 3357 3869 3353
f 3353 3869 3717
f 3869 3357 3358
f 3809 4056 3177
f 3177 4056 3178
f 3530 4355 3462
f 4360 4361 4362
f 4362 4355 4360
f 3809 4057 4056
f 4057 3809 3810
f 3232 3277 4263
f 4075 4080 4073
f 4059 4077 4057
f 4057 4077 3207
